Channel,Timestamp,X,Y,Z
0,108805607,0.005,0,1.023
0,108807934,0.005,-0.001,1.021
0,108810261,0.005,0,1.025
0,108812588,0.007,0.001,1.024
0,108814915,0.017,0.005,1.026
0,108817242,0.028,0.006,1.029
0,108819568,0.033,0.005,1.022
0,108821895,0.025,0.003,1.025
0,108824221,0.025,0.001,1.024
0,108826549,0.004,-0.002,1.021
0,108828875,-0.011,-0.004,1.021
0,108831202,-0.026,-0.005,1.019
0,108833529,-0.027,-0.005,1.021
0,108835855,-0.014,-0.002,1.02
0,108838182,-0.001,-0.001,1.023
0,108840509,0.005,0,1.021
0,108842836,0.006,0,1.022
0,108845163,0.007,0,1.023
0,108847490,0.005,-0.001,1.022
0,108849817,0.007,-0.001,1.025
0,108852144,0.006,0,1.022
0,108854471,0.005,0,1.02
0,108856797,0.008,-0.001,1.019
0,108859124,0.006,-0.001,1.019
0,108861452,0.007,-0.002,1.018
0,108863779,0.007,-0.002,1.02
0,108866105,0.007,-0.001,1.018
0,108868432,0.008,-0.002,1.017
0,108870759,0.008,-0.001,1.02
0,108873086,0.009,-0.002,1.022
2,108804580,0.013,-0.015,1.033
2,108806904,0.013,-0.016,1.033
2,108809228,0.014,-0.016,1.034
2,108811552,0.013,-0.014,1.037
2,108813876,0.012,-0.011,1.037
2,108816200,0.012,-0.011,1.038
2,108818524,0.009,-0.01,1.036
2,108820849,0.012,-0.012,1.036
2,108823173,0.012,-0.011,1.038
2,108825497,0.015,-0.015,1.033
2,108827821,0.015,-0.019,1.035
2,108830146,0.017,-0.027,1.033
2,108832470,0.018,-0.027,1.032
2,108834794,0.016,-0.024,1.035
2,108837119,0.016,-0.02,1.034
2,108839443,0.013,-0.019,1.034
2,108841767,0.014,-0.017,1.035
2,108844090,0.015,-0.017,1.035
2,108846414,0.013,-0.019,1.035
2,108848738,0.012,-0.017,1.036
2,108851062,0.014,-0.017,1.034
2,108853386,0.014,-0.017,1.034
2,108855710,0.013,-0.018,1.034
2,108858034,0.014,-0.017,1.033
2,108860358,0.013,-0.018,1.033
2,108862682,0.014,-0.017,1.032
2,108865006,0.013,-0.018,1.031
2,108867330,0.016,-0.02,1.034
2,108869654,0.015,-0.02,1.032
2,108871978,0.011,-0.019,1.034
0,108875413,0.007,0,1.021
0,108877740,0.008,-0.003,1.025
0,108880066,0.008,0,1.019
0,108882393,0.006,-0.001,1.022
0,108884720,0.008,-0.001,1.02
0,108887047,0.007,0,1.022
0,108889373,0.008,0,1.023
0,108891700,0.01,0,1.016
0,108894028,0.008,0,1.021
0,108896354,0.008,0,1.019
0,108898681,0.007,0,1.02
0,108901008,0.007,0,1.021
0,108903335,0.008,0,1.024
0,108905662,0.008,0.001,1.024
0,108907989,0.006,0,1.023
0,108910315,0.006,0,1.022
0,108912642,0.006,-0.001,1.023
0,108914969,0.006,-0.001,1.025
0,108917296,0.005,0,1.023
0,108919623,0.005,0,1.021
0,108921950,0.005,-0.001,1.021
0,108924277,0.005,0,1.02
0,108926603,0.005,-0.001,1.021
0,108928930,0.005,0,1.022
0,108931258,0.006,-0.001,1.021
0,108933584,0.005,0,1.021
0,108935911,0.007,0,1.023
0,108938238,0.006,0.001,1.026
0,108940565,0.005,0.001,1.025
0,108942892,0.006,0.001,1.021
2,108874302,0.016,-0.021,1.036
2,108876625,0.015,-0.018,1.037
2,108878950,0.016,-0.019,1.034
2,108881273,0.013,-0.02,1.038
2,108883598,0.013,-0.018,1.038
2,108885922,0.016,-0.018,1.032
2,108888246,0.014,-0.019,1.037
2,108890570,0.012,-0.016,1.031
2,108892894,0.012,-0.018,1.033
2,108895218,0.014,-0.018,1.034
2,108897542,0.014,-0.018,1.03
2,108899866,0.011,-0.019,1.034
2,108902190,0.012,-0.016,1.035
2,108904514,0.013,-0.019,1.036
2,108906838,0.012,-0.018,1.037
2,108909163,0.013,-0.019,1.036
2,108911487,0.012,-0.019,1.036
2,108913811,0.012,-0.017,1.038
2,108916135,0.013,-0.017,1.036
2,108918459,0.013,-0.018,1.037
2,108920783,0.012,-0.019,1.037
2,108923107,0.011,-0.019,1.033
2,108925431,0.01,-0.02,1.036
2,108927756,0.012,-0.019,1.034
2,108930080,0.011,-0.019,1.035
2,108932404,0.011,-0.019,1.037
2,108934729,0.012,-0.02,1.038
2,108937053,0.01,-0.018,1.038
2,108939378,0.011,-0.018,1.038
2,108941702,0.012,-0.018,1.039
0,108956853,0.006,0.001,1.02
0,108959180,0.007,0.002,1.021
0,108961507,0.007,0.001,1.022
0,108963833,0.006,0,1.023
0,108966160,0.006,-0.001,1.023
0,108968487,0.008,-0.001,1.022
0,108970814,0.005,0.001,1.023
0,108973141,0.008,0,1.022
0,108975468,0.007,0.001,1.023
0,108977795,0.006,0.001,1.022
0,108980122,0.005,-0.001,1.022
0,108982449,0.006,0,1.022
0,108984776,0.005,-0.001,1.021
0,108987103,0.007,0,1.021
0,108989429,0.008,-0.001,1.023
0,108991756,0.006,0,1.02
0,108994082,0.005,-0.001,1.021
0,108996409,0.006,-0.001,1.022
0,108998736,0.005,-0.001,1.022
0,109001063,0.005,-0.001,1.022
0,109003390,0.007,0,1.019
0,109005716,0.006,-0.001,1.021
0,109008043,0.005,0,1.02
0,109010369,0.006,0,1.023
0,109012696,0.008,-0.001,1.022
0,109015023,0.008,-0.002,1.021
0,109017350,0.01,0,1.022
0,109019677,0.05,0.007,1.022
0,109022004,0.247,0.123,1.021
0,109024330,0.394,0.166,1.025
2,108955649,0.012,-0.019,1.037
2,108957973,0.012,-0.016,1.036
2,108960298,0.013,-0.017,1.038
2,108962622,0.012,-0.015,1.039
2,108964946,0.015,-0.017,1.038
2,108967270,0.014,-0.017,1.039
2,108969594,0.013,-0.019,1.039
2,108971918,0.012,-0.018,1.04
2,108974243,0.012,-0.018,1.042
2,108976568,0.013,-0.019,1.038
2,108978892,0.013,-0.017,1.036
2,108981215,0.012,-0.019,1.038
2,108983540,0.013,-0.018,1.039
2,108985865,0.011,-0.019,1.038
2,108988189,0.011,-0.02,1.037
2,108990512,0.012,-0.021,1.039
2,108992837,0.013,-0.019,1.037
2,108995161,0.013,-0.02,1.038
2,108997486,0.01,-0.021,1.039
2,108999810,0.011,-0.019,1.039
2,109002134,0.01,-0.02,1.039
2,109004458,0.01,-0.02,1.039
2,109006782,0.01,-0.019,1.039
2,109009106,0.008,-0.018,1.041
2,109011431,0.008,-0.018,1.039
2,109013755,0.011,-0.02,1.038
2,109016079,0.011,-0.018,1.037
2,109018403,0.009,-0.019,1.039
2,109020728,-0.004,0,1.038
2,109023052,-0.113,0.232,1.044
0,109038290,-0.013,0.034,1.023
0,109040617,0,0.033,1.022
0,109042943,-0.037,-0.011,1.005
0,109045270,-0.025,-0.023,1.018
0,109047597,-0.029,-0.025,1.021
0,109049924,-0.006,-0.011,1.022
0,109052250,0,-0.011,1.022
0,109054577,0.022,0.017,1.022
0,109056904,0.06,0.061,1.025
0,109059230,0.059,0.048,1.026
0,109061557,-0.021,-0.043,1.009
0,109063883,0.009,0,1.021
0,109066210,0.041,0.021,1.026
0,109068536,0.011,-0.026,1.015
0,109070863,0.004,-0.042,1.015
0,109073190,0.001,-0.036,1.02
0,109075517,0.035,-0.024,1.017
0,109077843,-0.055,-0.047,1.03
0,109080169,-0.089,-0.057,1.028
0,109082496,-0.075,-0.047,1.025
0,109084822,-0.049,-0.036,1.023
0,109087148,-0.024,-0.018,1.022
0,109089476,-0.005,-0.008,1.022
0,109091803,0,-0.001,1.02
0,109094129,0.001,-0.001,1.023
0,109096456,0.003,-0.002,1.022
0,109098782,0.004,-0.002,1.022
0,109101109,0.004,-0.001,1.021
0,109103435,0.004,0.001,1.022
0,109105762,0.006,-0.001,1.023
2,109036998,0.056,0.036,1.03
2,109039323,0.04,0.01,1.033
2,109041647,0.026,0.009,1.037
2,109043972,0.006,-0.048,1.042
2,109046296,0.001,-0.055,1.042
2,109048620,0.008,-0.055,1.041
2,109050944,0.009,-0.02,1.045
2,109053268,0.013,-0.026,1.04
2,109055592,0.033,0.027,1.041
2,109057916,0.04,0.08,1.038
2,109060241,0.019,-0.017,1.042
2,109062565,-0.007,-0.055,1.04
2,109064889,-0.01,-0.01,1.042
2,109067213,0.011,-0.018,1.04
2,109069537,0.015,-0.043,1.042
2,109071861,-0.005,-0.082,1.04
2,109074185,-0.011,-0.056,1.039
2,109076510,-0.004,-0.022,1.044
2,109078834,0.008,-0.116,1.04
2,109081159,0.005,-0.079,1.04
2,109083483,-0.002,-0.077,1.039
2,109085807,0.001,-0.058,1.04
2,109088131,0.003,-0.039,1.04
2,109090455,0.007,-0.03,1.042
2,109092779,0.007,-0.025,1.042
2,109095103,0.005,-0.022,1.041
2,109097427,0.006,-0.022,1.04
2,109099752,0.006,-0.022,1.042
2,109102076,0.004,-0.023,1.041
2,109104400,0.004,-0.025,1.043
0,109108089,0.005,-0.001,1.022
0,109110415,0.006,-0.001,1.021
0,109112741,0.005,-0.001,1.022
0,109115068,0.005,-0.002,1.021
0,109117395,0.008,-0.001,1.023
0,109119721,0.006,-0.002,1.022
0,109122048,0.005,-0.001,1.021
0,109124375,0.005,-0.001,1.023
0,109126702,0.005,-0.001,1.021
0,109129029,0.007,-0.001,1.021
0,109131356,0.005,0,1.023
0,109133683,0.004,-0.001,1.021
0,109136009,0.006,-0.002,1.02
0,109138335,0.006,0,1.021
0,109140662,0.006,-0.002,1.022
0,109142989,0.007,0,1.021
0,109145316,0.006,-0.001,1.022
0,109147642,0.004,-0.001,1.022
0,109149970,0.005,-0.002,1.02
0,109152297,0.006,-0.003,1.019
0,109154624,0.007,-0.002,1.021
0,109156951,0.006,0,1.021
0,109159278,0.007,-0.001,1.022
0,109161605,0.005,-0.001,1.021
0,109163931,0.005,0,1.021
0,109166258,0.005,-0.001,1.022
0,109168585,0.007,-0.001,1.02
0,109170911,0.006,-0.002,1.022
0,109173238,0.006,-0.002,1.022
0,109175565,0.007,-0.002,1.022
2,109106724,0.005,-0.024,1.043
2,109109049,0.005,-0.024,1.044
2,109111373,0.004,-0.023,1.042
2,109113698,0.006,-0.026,1.043
2,109116022,0.004,-0.025,1.044
2,109118346,0.005,-0.023,1.042
2,109120671,0.006,-0.025,1.044
2,109122994,0.005,-0.026,1.043
2,109125319,0.006,-0.024,1.043
2,109127644,0.002,-0.022,1.043
2,109129968,0.003,-0.024,1.043
2,109132292,0.004,-0.025,1.043
2,109134616,0.002,-0.026,1.042
2,109136941,0.005,-0.025,1.043
2,109139266,0.007,-0.025,1.042
2,109141591,0.003,-0.026,1.042
2,109143916,0.004,-0.025,1.042
2,109146240,0.003,-0.026,1.043
2,109148565,0.006,-0.025,1.04
2,109150890,0.005,-0.028,1.038
2,109153214,0.004,-0.029,1.039
2,109155539,0.005,-0.029,1.039
2,109157863,0.005,-0.029,1.039
2,109160188,0.004,-0.03,1.04
2,109162512,0.005,-0.029,1.037
2,109164836,0.005,-0.029,1.039
2,109167160,0.005,-0.031,1.038
2,109169485,0.006,-0.028,1.039
2,109171810,0.005,-0.029,1.039
2,109174134,0.005,-0.029,1.037
0,109177892,0.006,-0.002,1.02
0,109180218,0.007,-0.001,1.022
0,109182545,0.006,-0.001,1.021
0,109184872,0.007,-0.001,1.021
0,109187198,0.007,-0.001,1.022
0,109189525,0.008,-0.001,1.021
0,109191851,0.007,-0.002,1.023
0,109194178,0.007,-0.002,1.021
0,109196505,0.007,-0.002,1.023
0,109198832,0.006,-0.002,1.021
0,109201159,0.005,-0.002,1.02
0,109203485,0.006,-0.001,1.021
0,109205812,0.007,-0.001,1.022
0,109208138,0.005,0,1.021
0,109210464,0.005,-0.001,1.023
0,109212791,0.005,0,1.023
0,109215117,0.005,-0.001,1.021
0,109217444,0.008,-0.001,1.021
0,109219770,0.007,-0.001,1.023
0,109222096,0.006,-0.001,1.022
0,109224422,0.006,-0.001,1.022
0,109226748,0.007,-0.003,1.022
0,109229075,0.007,-0.001,1.022
0,109231402,0.005,-0.001,1.021
0,109233728,0.007,-0.002,1.022
0,109236055,0.005,-0.002,1.021
0,109238381,0.008,-0.002,1.02
0,109240708,0.007,-0.003,1.021
0,109243035,0.006,-0.002,1.018
0,109245361,0.006,-0.001,1.022
2,109176459,0.005,-0.029,1.038
2,109178784,0.005,-0.029,1.037
2,109181109,0.004,-0.029,1.036
2,109183434,0.004,-0.028,1.038
2,109185758,0.005,-0.028,1.037
2,109188083,0.006,-0.03,1.038
2,109190408,0.005,-0.029,1.039
2,109192732,0.004,-0.03,1.039
2,109195057,0.005,-0.029,1.04
2,109197381,0.003,-0.027,1.04
2,109199706,0.007,-0.026,1.037
2,109202031,0.007,-0.024,1.039
2,109204355,0.007,-0.023,1.038
2,109206678,0.007,-0.023,1.037
2,109209003,0.008,-0.024,1.037
2,109211327,0.007,-0.024,1.037
2,109213651,0.007,-0.023,1.034
2,109215975,0.007,-0.021,1.039
2,109218300,0.009,-0.023,1.038
2,109220624,0.007,-0.023,1.037
2,109222949,0.006,-0.026,1.036
2,109225273,0.008,-0.025,1.038
2,109227598,0.006,-0.026,1.04
2,109229922,0.006,-0.025,1.038
2,109232247,0.008,-0.026,1.039
2,109234571,0.005,-0.026,1.039
2,109236895,0.005,-0.024,1.039
2,109239220,0.005,-0.025,1.036
2,109241544,0.005,-0.025,1.039
2,109243868,0.007,-0.025,1.041
0,109247688,0.007,-0.002,1.021
0,109250015,0.008,-0.001,1.02
0,109252341,0.005,-0.001,1.021
0,109254668,0.004,-0.001,1.022
0,109256995,0.005,0,1.023
0,109259322,0.007,-0.001,1.022
0,109261649,0.005,-0.001,1.021
0,109263975,0.005,-0.001,1.02
0,109266302,0.008,-0.001,1.022
0,109268629,0.009,0,1.021
0,109270955,0.007,0,1.02
0,109273282,0.006,0,1.02
0,109275608,0.006,0,1.023
0,109277935,0.007,0,1.021
0,109280261,0.007,0,1.024
0,109282588,0.006,0.001,1.022
0,109284915,0.007,-0.001,1.02
0,109287242,0.004,-0.001,1.021
0,109289568,0.006,-0.001,1.021
0,109291895,0.005,-0.001,1.023
0,109294221,0.004,-0.001,1.023
0,109296548,0.005,-0.001,1.021
0,109298874,0.006,-0.001,1.021
0,109301201,0.006,-0.002,1.021
0,109303528,0.008,-0.001,1.021
0,109305855,0.007,-0.001,1.019
0,109308182,0.006,0,1.023
0,109310509,0.007,-0.001,1.022
0,109312835,0.008,-0.002,1.021
0,109315162,0.008,-0.001,1.021
2,109246192,0.006,-0.023,1.039
2,109248515,0.006,-0.023,1.039
2,109250839,0.007,-0.025,1.04
2,109253163,0.004,-0.022,1.038
2,109255488,0.007,-0.023,1.04
2,109257812,0.006,-0.023,1.039
2,109260136,0.006,-0.023,1.038
2,109262460,0.008,-0.023,1.039
2,109264784,0.006,-0.024,1.04
2,109267108,0.006,-0.022,1.039
2,109269432,0.007,-0.023,1.04
2,109271756,0.006,-0.022,1.041
2,109274081,0.006,-0.022,1.039
2,109276405,0.006,-0.022,1.042
2,109278729,0.004,-0.023,1.04
2,109281054,0.005,-0.022,1.041
2,109283379,0.007,-0.022,1.039
2,109285703,0.006,-0.023,1.04
2,109288027,0.005,-0.023,1.039
2,109290352,0.006,-0.022,1.04
2,109292677,0.009,-0.023,1.036
2,109295001,0.011,-0.021,1.037
2,109297326,0.012,-0.019,1.035
2,109299650,0.011,-0.02,1.036
2,109301975,0.011,-0.021,1.033
2,109304299,0.012,-0.021,1.035
2,109306623,0.012,-0.021,1.037
2,109308948,0.014,-0.02,1.036
2,109311271,0.013,-0.02,1.036
2,109313596,0.011,-0.02,1.035
0,109317489,0.007,-0.002,1.021
0,109319816,0.007,-0.001,1.021
0,109322143,0.007,-0.001,1.018
0,109324470,0.007,-0.001,1.021
0,109326796,0.007,0,1.022
0,109329122,0.007,-0.002,1.021
0,109331449,0.007,-0.002,1.019
0,109333776,0.006,-0.001,1.021
0,109336103,0.007,-0.002,1.021
0,109338430,0.007,-0.002,1.022
0,109340757,0.006,0,1.02
0,109343083,0.007,-0.001,1.02
0,109345410,0.006,-0.002,1.021
0,109347736,0.006,0,1.02
0,109350063,0.007,0,1.019
0,109352390,0.007,-0.001,1.02
0,109354716,0.005,-0.001,1.021
0,109357043,0.007,-0.001,1.021
0,109359370,0.007,-0.001,1.021
0,109361697,0.005,-0.001,1.022
0,109364024,0.007,-0.001,1.022
0,109366350,0.007,-0.001,1.022
0,109368677,0.006,-0.002,1.022
0,109371004,0.006,0,1.022
0,109373331,0.005,-0.002,1.02
0,109375658,0.005,-0.001,1.021
0,109377986,0.005,-0.001,1.022
0,109380313,0.005,0,1.023
0,109382639,0.007,-0.001,1.022
0,109384966,0.005,-0.001,1.022
2,109315920,0.011,-0.021,1.038
2,109318244,0.01,-0.021,1.036
2,109320569,0.014,-0.022,1.035
2,109322893,0.012,-0.021,1.034
2,109325218,0.013,-0.021,1.035
2,109327542,0.013,-0.022,1.034
2,109329867,0.011,-0.021,1.035
2,109332191,0.013,-0.021,1.038
2,109334516,0.012,-0.021,1.039
2,109336840,0.013,-0.021,1.036
2,109339164,0.011,-0.02,1.035
2,109341488,0.014,-0.019,1.036
2,109343812,0.012,-0.022,1.035
2,109346137,0.011,-0.022,1.034
2,109348462,0.011,-0.021,1.036
2,109350786,0.012,-0.02,1.035
2,109353111,0.012,-0.021,1.036
2,109355435,0.011,-0.022,1.036
2,109357759,0.012,-0.021,1.037
2,109360084,0.01,-0.021,1.038
2,109362408,0.012,-0.021,1.037
2,109364733,0.01,-0.021,1.036
2,109367057,0.01,-0.02,1.037
2,109369381,0.01,-0.021,1.039
2,109371706,0.008,-0.02,1.038
2,109374030,0.009,-0.022,1.038
2,109376354,0.012,-0.019,1.038
2,109378679,0.011,-0.021,1.037
2,109381004,0.008,-0.021,1.036
2,109383328,0.009,-0.021,1.036
0,109387293,0.006,0,1.021
0,109389620,0.005,-0.001,1.021
0,109391947,0.006,-0.002,1.021
0,109394274,0.004,-0.001,1.021
0,109396601,0.005,-0.002,1.02
0,109398927,0.006,-0.002,1.021
0,109401254,0.006,-0.001,1.02
0,109403581,0.007,-0.002,1.023
0,109405908,0.006,-0.002,1.02
0,109408234,0.009,-0.002,1.021
0,109410561,0.008,-0.002,1.021
0,109412888,0.007,-0.002,1.02
0,109415215,0.008,-0.003,1.021
0,109417541,0.007,-0.002,1.02
0,109419868,0.007,-0.001,1.021
0,109422194,0.006,-0.002,1.022
0,109424521,0.006,0,1.023
0,109426848,0.006,0,1.021
0,109429175,0.007,-0.001,1.02
0,109431501,0.005,-0.001,1.022
0,109433828,0.007,-0.001,1.02
0,109436154,0.007,0,1.02
0,109438481,0.008,0,1.021
0,109440808,0.006,-0.001,1.019
0,109443135,0.005,-0.001,1.022
0,109445461,0.006,-0.002,1.02
0,109447787,0.006,-0.001,1.021
0,109450114,0.005,-0.001,1.021
0,109452441,0.007,0,1.02
0,109454768,0.006,0,1.021
2,109385652,0.01,-0.021,1.039
2,109387976,0.009,-0.02,1.038
2,109390300,0.009,-0.022,1.038
2,109392625,0.011,-0.022,1.038
2,109394950,0.01,-0.023,1.037
2,109397275,0.012,-0.021,1.038
2,109399599,0.01,-0.022,1.038
2,109401924,0.01,-0.023,1.037
2,109404248,0.01,-0.023,1.038
2,109406572,0.008,-0.023,1.035
2,109408897,0.01,-0.022,1.037
2,109411222,0.011,-0.024,1.037
2,109413546,0.01,-0.024,1.035
2,109415871,0.011,-0.023,1.036
2,109418196,0.011,-0.024,1.038
2,109420520,0.011,-0.022,1.038
2,109422845,0.01,-0.025,1.038
2,109425170,0.011,-0.024,1.038
2,109427495,0.01,-0.023,1.036
2,109429820,0.01,-0.023,1.035
2,109432144,0.011,-0.022,1.036
2,109434469,0.01,-0.023,1.037
2,109436793,0.009,-0.022,1.036
2,109439119,0.01,-0.022,1.037
2,109441444,0.012,-0.021,1.038
2,109443769,0.008,-0.023,1.038
2,109446093,0.008,-0.023,1.04
2,109448418,0.007,-0.023,1.041
2,109450743,0.008,-0.024,1.04
2,109453068,0.007,-0.024,1.041
0,109457095,0.004,-0.001,1.024
0,109459422,0.005,-0.001,1.022
0,109461748,0.005,-0.002,1.021
0,109464075,0.006,-0.002,1.024
0,109466402,0.007,-0.002,1.021
0,109468729,0.005,-0.001,1.023
0,109471056,0.005,-0.002,1.019
0,109473383,0.006,-0.002,1.021
0,109475710,0.007,-0.002,1.021
0,109478037,0.006,-0.001,1.021
0,109480364,0.006,-0.002,1.021
0,109482691,0.005,-0.001,1.021
0,109485018,0.007,-0.001,1.021
0,109487344,0.007,-0.001,1.021
0,109489671,0.006,-0.001,1.022
0,109491997,0.009,0,1.02
0,109494324,0.008,-0.001,1.018
0,109496651,0.007,-0.002,1.022
0,109498978,0.007,-0.001,1.022
0,109501305,0.008,-0.001,1.023
0,109503632,0.007,-0.001,1.02
0,109505959,0.008,-0.002,1.021
0,109508286,0.006,-0.001,1.021
0,109510613,0.009,-0.001,1.021
0,109512940,0.005,-0.002,1.021
0,109515266,0.007,-0.001,1.021
0,109517593,0.008,-0.001,1.023
0,109519921,0.008,-0.002,1.019
0,109522247,0.006,-0.002,1.021
0,109524574,0.007,-0.002,1.021
2,109455393,0.009,-0.023,1.039
2,109457717,0.009,-0.022,1.042
2,109460042,0.008,-0.023,1.04
2,109462366,0.009,-0.024,1.04
2,109464691,0.01,-0.023,1.04
2,109467015,0.007,-0.023,1.04
2,109469340,0.009,-0.023,1.039
2,109471665,0.01,-0.023,1.039
2,109473989,0.009,-0.024,1.039
2,109476314,0.007,-0.024,1.038
2,109478638,0.008,-0.023,1.04
2,109480963,0.01,-0.023,1.04
2,109483287,0.006,-0.023,1.041
2,109485612,0.01,-0.023,1.04
2,109487937,0.008,-0.023,1.039
2,109490261,0.009,-0.024,1.039
2,109492586,0.008,-0.022,1.04
2,109494911,0.009,-0.023,1.042
2,109497236,0.009,-0.023,1.042
2,109499560,0.008,-0.025,1.042
2,109501885,0.009,-0.023,1.042
2,109504209,0.009,-0.023,1.04
2,109506534,0.008,-0.024,1.041
2,109508859,0.006,-0.024,1.041
2,109511183,0.006,-0.024,1.041
2,109513508,0.007,-0.025,1.04
2,109515833,0.007,-0.025,1.043
2,109518157,0.005,-0.024,1.041
2,109520482,0.007,-0.023,1.041
2,109522806,0.006,-0.025,1.04
0,109526901,0.008,-0.001,1.02
0,109529228,0.005,-0.001,1.022
0,109531555,0.005,-0.001,1.022
0,109533882,0.006,-0.001,1.022
0,109536209,0.005,-0.001,1.027
0,109538535,0.006,-0.001,1.025
0,109540862,0.005,-0.001,1.031
0,109543188,0.005,-0.001,1.027
0,109545515,0.01,-0.001,1.016
0,109547841,0.008,-0.001,1.018
0,109550168,0.013,-0.002,1.003
0,109552495,0.01,0,1.019
0,109554821,0.008,0,1.02
0,109557148,0.008,0,1.021
0,109559474,0.009,-0.001,1.021
0,109561801,0.01,-0.001,1.023
0,109564127,0.075,0.008,1.028
0,109566454,0.126,-0.035,1.027
0,109568781,-0.067,0.011,1.018
0,109571108,0.002,-0.005,1.016
0,109573434,0.001,-0.001,1.02
0,109575761,0.002,-0.001,1.018
0,109578088,0.009,-0.002,1.017
0,109580414,-0.002,0.001,1.02
0,109582740,0.005,-0.001,1.02
0,109585067,0.001,0.002,1.02
0,109587394,-0.008,-0.002,1.02
0,109589721,-0.003,-0.006,1.02
0,109592047,0,-0.005,1.022
0,109594373,0.002,-0.004,1.02
2,109525131,0.007,-0.024,1.041
2,109527455,0.009,-0.023,1.041
2,109529780,0.008,-0.023,1.041
2,109532104,0.007,-0.024,1.041
2,109534428,0.007,-0.024,1.042
2,109536753,0.005,-0.023,1.042
2,109539077,0.006,-0.024,1.042
2,109541402,0.007,-0.023,1.042
2,109543726,0.004,-0.024,1.041
2,109546050,0.005,-0.024,1.043
2,109548375,0.005,-0.025,1.042
2,109550699,0.005,-0.022,1.045
2,109553024,0.005,-0.023,1.042
2,109555348,0.007,-0.023,1.044
2,109557672,0.004,-0.023,1.046
2,109559996,0.006,-0.023,1.043
2,109562321,0.006,-0.025,1.041
2,109564646,0.005,-0.02,1.046
2,109566970,0.005,-0.026,1.04
2,109569295,0.006,-0.025,1.041
2,109571619,0.006,-0.024,1.042
2,109573944,0.007,-0.024,1.042
2,109576268,0.005,-0.026,1.041
2,109578594,0.007,-0.023,1.042
2,109580918,0.005,-0.025,1.043
2,109583243,0.006,-0.026,1.04
2,109585568,0.007,-0.024,1.044
2,109587892,0.006,-0.024,1.043
2,109590217,0.004,-0.025,1.045
2,109592542,0.004,-0.025,1.045
0,109596700,0.003,-0.004,1.019
0,109599027,0.006,-0.003,1.019
0,109601353,0.008,-0.002,1.02
0,109603680,0.009,-0.002,1.02
0,109606007,0.008,-0.003,1.02
0,109608333,0.009,-0.002,1.019
0,109610659,0.009,-0.003,1.019
0,109612986,0.009,-0.001,1.019
0,109615312,0.009,-0.003,1.019
0,109617639,0.009,-0.002,1.02
0,109619966,0.009,-0.002,1.02
0,109622292,0.008,-0.001,1.02
0,109624619,0.008,-0.001,1.019
0,109626945,0.008,-0.001,1.019
0,109629271,0.007,-0.001,1.02
0,109631598,0.009,-0.001,1.019
0,109633924,0.009,-0.002,1.02
0,109636251,0.009,-0.002,1.02
0,109638577,0.008,-0.002,1.02
0,109640903,0.01,-0.003,1.02
0,109643229,0.009,-0.002,1.02
0,109645556,0.01,-0.002,1.02
0,109647882,0.009,-0.001,1.022
0,109650209,0.01,-0.002,1.02
0,109652535,0.01,-0.001,1.017
0,109654862,0.009,-0.004,1.021
0,109657189,0.009,-0.003,1.021
0,109659515,0.009,-0.002,1.02
0,109661842,0.008,-0.002,1.019
0,109664168,0.01,-0.003,1.019
2,109594866,0.006,-0.025,1.043
2,109597191,0.004,-0.026,1.043
2,109599516,0.005,-0.024,1.044
2,109601840,0.005,-0.026,1.044
2,109604165,0.005,-0.025,1.044
2,109606490,0.003,-0.024,1.044
2,109608814,0.003,-0.025,1.043
2,109611138,0.003,-0.025,1.043
2,109613463,0.005,-0.024,1.044
2,109615788,0.007,-0.026,1.043
2,109618111,0.005,-0.025,1.044
2,109620436,0.005,-0.025,1.045
2,109622760,0.005,-0.024,1.043
2,109625084,0.005,-0.023,1.043
2,109627409,0.004,-0.024,1.044
2,109629733,0.004,-0.023,1.043
2,109632058,0.003,-0.024,1.041
2,109634382,0.005,-0.024,1.046
2,109636707,0.004,-0.025,1.043
2,109639031,0.005,-0.025,1.044
2,109641356,0.004,-0.023,1.045
2,109643680,0.005,-0.025,1.042
2,109646004,0.006,-0.025,1.044
2,109648329,0.004,-0.024,1.046
2,109650653,0.003,-0.024,1.046
2,109652978,0.006,-0.024,1.044
2,109655302,0.005,-0.025,1.047
2,109657627,0.005,-0.024,1.045
2,109659951,0.007,-0.024,1.046
2,109662275,0.006,-0.025,1.046
0,109666495,0.008,-0.002,1.019
0,109668822,0.011,-0.002,1.019
0,109671148,0.01,-0.001,1.02
0,109673475,0.009,-0.001,1.019
0,109675802,0.01,-0.002,1.021
0,109678128,0.009,-0.002,1.021
0,109680455,0.01,-0.002,1.02
0,109682781,0.008,-0.002,1.022
0,109685108,0.009,-0.001,1.021
0,109687435,0.009,-0.001,1.02
0,109689761,0.008,-0.003,1.02
0,109692088,0.008,-0.002,1.022
0,109694414,0.008,-0.002,1.021
0,109696740,0.007,-0.002,1.021
0,109699066,0.008,-0.003,1.02
0,109701393,0.008,-0.002,1.02
0,109703720,0.008,-0.001,1.019
0,109706047,0.009,-0.002,1.019
0,109708373,0.009,-0.001,1.02
0,109710699,0.009,-0.002,1.02
0,109713025,0.01,-0.002,1.021
0,109715352,0.009,-0.002,1.018
0,109717678,0.01,-0.002,1.022
0,109720005,0.01,-0.003,1.022
0,109722332,0.01,-0.003,1.021
0,109724658,0.009,-0.003,1.021
0,109726985,0.008,-0.002,1.02
0,109729312,0.008,-0.003,1.02
0,109731638,0.009,-0.003,1.019
0,109733964,0.009,-0.003,1.019
2,109664600,0.005,-0.025,1.045
2,109666924,0.005,-0.024,1.044
2,109669249,0.005,-0.026,1.045
2,109671574,0.005,-0.024,1.043
2,109673899,0.006,-0.025,1.042
2,109676223,0.005,-0.024,1.045
2,109678547,0.004,-0.024,1.047
2,109680871,0.003,-0.025,1.046
2,109683196,0.004,-0.023,1.048
2,109685520,0.006,-0.023,1.047
2,109687845,0.006,-0.025,1.046
2,109690169,0.006,-0.025,1.046
2,109692494,0.005,-0.025,1.047
2,109694818,0.003,-0.025,1.047
2,109697143,0.005,-0.025,1.047
2,109699467,0.003,-0.025,1.048
2,109701791,0.004,-0.024,1.048
2,109704116,0.005,-0.025,1.047
2,109706441,0.005,-0.024,1.047
2,109708766,0.004,-0.024,1.046
2,109711091,0.004,-0.024,1.047
2,109713415,0.002,-0.024,1.047
2,109715740,0.005,-0.024,1.046
2,109718065,0.006,-0.022,1.048
2,109720389,0.005,-0.023,1.048
2,109722713,0.005,-0.024,1.049
2,109725038,0.004,-0.024,1.046
2,109727363,0.006,-0.025,1.047
2,109729687,0.006,-0.024,1.047
2,109732012,0.004,-0.025,1.046
0,109736291,0.008,-0.003,1.02
0,109738618,0.009,-0.003,1.019
0,109740945,0.008,-0.002,1.021
0,109743272,0.008,-0.002,1.022
0,109745598,0.009,-0.001,1.02
0,109747925,0.007,-0.003,1.022
0,109750252,0.009,-0.002,1.02
0,109752578,0.01,-0.002,1.02
0,109754905,0.008,-0.002,1.021
0,109757232,0.008,-0.003,1.021
0,109759559,0.01,-0.003,1.02
0,109761886,0.01,-0.003,1.021
0,109764212,0.009,-0.004,1.02
0,109766539,0.008,-0.003,1.02
0,109768866,0.01,-0.002,1.021
0,109771192,0.008,-0.002,1.02
0,109773519,0.011,-0.002,1.021
0,109775846,0.009,-0.002,1.021
0,109778172,0.008,-0.003,1.02
0,109780499,0.009,-0.002,1.022
0,109782825,0.008,-0.002,1.02
0,109785152,0.01,-0.003,1.021
0,109787478,0.01,-0.002,1.022
0,109789805,0.01,-0.002,1.02
0,109792132,0.01,-0.003,1.021
0,109794458,0.01,-0.003,1.022
0,109796785,0.009,-0.003,1.018
0,109799111,0.009,-0.002,1.018
0,109801438,0.009,-0.002,1.02
0,109803764,0.009,-0.002,1.018
2,109734336,0.004,-0.024,1.045
2,109736661,0.004,-0.024,1.047
2,109738986,0.004,-0.023,1.047
2,109741310,0.004,-0.024,1.047
2,109743635,0.004,-0.024,1.047
2,109745959,0.004,-0.024,1.044
2,109748283,0.005,-0.024,1.043
2,109750608,0.006,-0.023,1.046
2,109752932,0.005,-0.023,1.047
2,109755256,0.005,-0.023,1.047
2,109757581,0.004,-0.023,1.048
2,109759905,0.005,-0.024,1.047
2,109762230,0.005,-0.023,1.05
2,109764554,0.005,-0.021,1.047
2,109766878,0.005,-0.023,1.048
2,109769202,0.006,-0.022,1.048
2,109771526,0.005,-0.023,1.044
2,109773851,0.004,-0.022,1.047
2,109776175,0.006,-0.023,1.046
2,109778499,0.004,-0.023,1.048
2,109780823,0.005,-0.022,1.048
2,109783147,0.005,-0.022,1.048
2,109785472,0.005,-0.024,1.048
2,109787796,0.004,-0.023,1.047
2,109790121,0.006,-0.022,1.049
2,109792445,0.002,-0.021,1.047
2,109794770,0.004,-0.02,1.048
2,109797094,0.003,-0.021,1.048
2,109799418,0.004,-0.021,1.049
2,109801742,0.003,-0.023,1.046
0,109806090,0.007,-0.002,1.021
0,109808416,0.01,-0.002,1.021
0,109810743,0.008,-0.002,1.021
0,109813070,0.009,-0.001,1.021
0,109815396,0.011,-0.002,1.021
0,109817722,0.01,-0.003,1.021
0,109820049,0.008,-0.002,1.02
0,109822376,0.008,-0.002,1.017
0,109824703,0.011,-0.004,1.018
0,109827029,0.01,-0.001,1.02
0,109829356,0.009,-0.002,1.02
0,109831683,0.008,-0.003,1.02
0,109834009,0.011,-0.003,1.02
0,109836336,0.008,-0.002,1.022
0,109838663,0.009,-0.003,1.02
0,109840989,0.009,-0.001,1.021
0,109843316,0.009,-0.001,1.021
0,109845643,0.001,0.008,1.032
0,109847969,0.307,0.17,-1.463
0,109850297,-0.026,0.397,2.355
0,109852623,-0.339,-0.5,2.863
0,109854950,0.183,-0.025,0.337
0,109857276,-0.032,-0.027,1.915
0,109859602,0.021,-0.018,1.388
0,109861928,0.063,-0.039,0.327
0,109864255,-0.005,0.057,1.291
0,109866581,-0.088,-0.049,1.675
0,109868908,0.071,-0.028,0.497
0,109871234,0.036,0.028,0.695
0,109873561,-0.025,-0.073,0.888
2,109804067,0.005,-0.021,1.046
2,109806391,0.005,-0.021,1.05
2,109808715,0.005,-0.022,1.05
2,109811040,0.006,-0.021,1.05
2,109813363,0.005,-0.02,1.048
2,109815688,0.005,-0.021,1.048
2,109818012,0.007,-0.022,1.047
2,109820337,0.003,-0.021,1.048
2,109822661,0.003,-0.021,1.046
2,109824985,0.006,-0.022,1.048
2,109827309,0.005,-0.022,1.048
2,109829633,0.005,-0.023,1.046
2,109831957,0.004,-0.022,1.047
2,109834281,0.006,-0.022,1.048
2,109836605,0.006,-0.023,1.051
2,109838929,0.005,-0.02,1.05
2,109841254,0.005,-0.02,1.049
2,109843578,0.005,-0.022,1.05
2,109845902,0.022,-0.053,1.041
2,109848226,0.157,0.125,-1.625
2,109850551,-0.188,-0.085,2.648
2,109852875,-0.078,-0.075,2.648
2,109855200,0.16,0.031,0.332
2,109857524,-0.001,-0.053,2.07
2,109859848,0.002,-0.036,1.3
2,109862172,0.057,-0.043,0.258
2,109864496,-0.032,0.013,1.559
2,109866820,-0.056,-0.086,1.503
2,109869145,0.049,-0.015,0.543
2,109871469,0.028,-0.001,0.796
0,109875888,0.041,-0.023,0.34
0,109878214,0.005,-0.002,0.903
0,109880541,0.01,-0.018,1.076
0,109882868,-0.004,-0.036,1.27
0,109885195,0.008,-0.009,1.204
0,109887521,0.003,-0.024,1.045
0,109889848,0.005,-0.003,1.162
0,109892175,-0.002,0.011,1.21
0,109894501,0.002,0.007,1.274
0,109896828,-0.007,0.024,1.222
0,109899155,-0.022,0.04,1.082
0,109901482,-0.002,0.057,0.711
0,109903808,-0.027,0.076,0.653
0,109906135,-0.023,0.064,0.733
0,109908461,-0.018,0.053,0.852
0,109910788,-0.024,0.053,1.098
0,109913114,-0.005,0.021,1.138
0,109915440,0.006,0.015,1.113
0,109917767,0.027,-0.005,1.131
0,109920094,0.033,-0.02,1.18
0,109922421,0.035,-0.028,1.254
0,109924747,0.03,-0.035,1.198
0,109927073,0.029,-0.026,1.039
0,109929399,0.033,-0.029,0.851
0,109931726,0.023,-0.021,0.766
0,109934053,0.021,-0.026,0.801
0,109936380,0.009,-0.028,0.922
0,109938706,0.008,-0.032,0.977
0,109941033,0.015,-0.04,0.989
0,109943360,0.019,-0.034,0.966
2,109873794,-0.006,-0.083,0.838
2,109876117,0.04,-0.036,0.414
2,109878442,-0.001,-0.028,0.984
2,109880766,0.009,-0.042,1.088
2,109883090,0,-0.055,1.3
2,109885415,0.003,-0.032,1.228
2,109887740,0.001,-0.043,1.071
2,109890064,-0.001,-0.012,1.188
2,109892389,-0.01,-0.01,1.251
2,109894713,-0.006,-0.01,1.294
2,109897037,-0.022,0.005,1.265
2,109899361,-0.036,0.013,1.069
2,109901685,-0.023,0.031,0.728
2,109904009,-0.05,0.044,0.694
2,109906334,-0.044,0.031,0.775
2,109908657,-0.037,0.022,0.897
2,109910981,-0.04,0.019,1.134
2,109913305,-0.015,-0.002,1.147
2,109915630,-0.002,-0.006,1.143
2,109917954,0.022,-0.021,1.164
2,109920278,0.028,-0.032,1.225
2,109922603,0.031,-0.042,1.281
2,109924928,0.028,-0.047,1.222
2,109927252,0.027,-0.035,1.059
2,109929576,0.035,-0.041,0.87
2,109931901,0.021,-0.035,0.798
2,109934225,0.023,-0.043,0.84
2,109936550,0.01,-0.047,0.958
2,109938874,0.012,-0.049,1.004
2,109941198,0.02,-0.058,1.015
0,109945686,0.024,-0.044,1.03
0,109948013,0.022,-0.036,1.109
0,109950340,0.023,-0.035,1.187
0,109952667,0.03,-0.024,1.142
0,109954993,0.022,-0.013,1.101
0,109957319,0.032,-0.006,0.967
0,109959646,0.019,0.006,0.941
0,109961973,0.021,0.011,0.933
0,109964299,0.008,0.021,0.958
0,109966625,0.008,0.026,0.943
0,109968951,0.005,0.029,0.938
0,109971278,0.003,0.032,0.951
0,109973605,0.006,0.03,0.986
0,109975931,-0.001,0.026,1.079
0,109978258,0.006,0.02,1.117
0,109980584,0.001,0.017,1.166
0,109982911,0.002,0.011,1.131
0,109985237,0.005,0.006,1.08
0,109987564,-0.002,0.008,1.041
0,109989891,-0.001,0.005,0.996
0,109992218,-0.011,0.005,0.989
0,109994544,-0.013,0.002,0.964
0,109996871,-0.016,-0.003,0.937
0,109999198,-0.016,-0.007,0.94
0,110001524,-0.008,-0.013,0.973
0,110003851,-0.009,-0.02,1.029
0,110006178,0.002,-0.026,1.077
0,110008504,0.007,-0.032,1.107
0,110010831,0.018,-0.033,1.081
0,110013157,0.024,-0.036,1.07
2,109943522,0.022,-0.052,1.001
2,109945846,0.028,-0.058,1.065
2,109948170,0.023,-0.048,1.146
2,109950494,0.024,-0.049,1.216
2,109952819,0.026,-0.037,1.168
2,109955144,0.018,-0.029,1.126
2,109957468,0.026,-0.016,0.995
2,109959793,0.009,-0.009,0.972
2,109962117,0.014,-0.002,0.966
2,109964442,-0.002,0.002,0.988
2,109966766,-0.004,0.006,0.975
2,109969091,-0.006,0.01,0.972
2,109971415,-0.015,0.01,0.982
2,109973740,-0.009,0.008,1.024
2,109976064,-0.014,0.005,1.109
2,109978389,-0.008,0.001,1.153
2,109980714,-0.009,-0.004,1.198
2,109983038,-0.007,-0.01,1.161
2,109985362,-0.004,-0.012,1.114
2,109987686,-0.011,-0.014,1.072
2,109990011,-0.01,-0.017,1.028
2,109992336,-0.021,-0.021,1.016
2,109994660,-0.022,-0.023,0.992
2,109996985,-0.023,-0.03,0.966
2,109999310,-0.022,-0.032,0.969
2,110001634,-0.012,-0.039,1.006
2,110003959,-0.01,-0.044,1.06
2,110006283,0.002,-0.048,1.106
2,110008608,0.005,-0.051,1.132
2,110010932,0.017,-0.05,1.113
0,110015484,0.026,-0.026,1.028
0,110017810,0.031,-0.022,1.013
0,110020137,0.028,-0.014,0.988
0,110022464,0.028,-0.007,0.973
0,110024790,0.025,-0.004,0.942
0,110027116,0.021,0.002,0.95
0,110029442,0.025,0.004,0.962
0,110031769,0.019,0.01,0.996
0,110034095,0.019,0.009,1.035
0,110036422,0.018,0.01,1.041
0,110038749,0.021,0.011,1.053
0,110041075,0.024,0.009,1.036
0,110043401,0.021,0.011,1.044
0,110045728,0.021,0.007,1.03
0,110048054,0.017,0.009,1.023
0,110050381,0.015,0.006,1.012
0,110052707,0.01,0.003,0.984
0,110055034,0.002,0.001,1
0,110057361,0.001,-0.002,0.979
0,110059687,-0.008,-0.004,1.015
0,110062014,-0.005,-0.006,1.012
0,110064340,-0.008,-0.008,1.031
0,110066666,-0.006,-0.014,1.043
0,110068993,-0.003,-0.016,1.035
0,110071320,-0.001,-0.017,1.058
0,110073646,0.005,-0.018,1.033
0,110075972,0.001,-0.016,1.053
0,110078299,0.006,-0.013,1.018
0,110080626,0.006,-0.011,1.016
0,110082952,0.003,-0.006,1.006
2,110013256,0.023,-0.049,1.099
2,110015581,0.025,-0.04,1.062
2,110017905,0.026,-0.037,1.046
2,110020229,0.02,-0.028,1.019
2,110022554,0.02,-0.024,1.001
2,110024878,0.02,-0.019,0.975
2,110027203,0.012,-0.013,0.98
2,110029527,0.014,-0.011,0.992
2,110031851,0.007,-0.009,1.026
2,110034175,0.01,-0.008,1.066
2,110036500,0.007,-0.004,1.073
2,110038824,0.009,-0.003,1.083
2,110041148,0.014,-0.005,1.066
2,110043472,0.01,-0.004,1.075
2,110045797,0.012,-0.008,1.06
2,110048121,0.007,-0.006,1.056
2,110050446,0.005,-0.012,1.04
2,110052770,0.004,-0.014,1.013
2,110055095,-0.007,-0.018,1.028
2,110057420,-0.005,-0.025,1.009
2,110059744,-0.013,-0.027,1.045
2,110062069,-0.009,-0.032,1.042
2,110064393,-0.01,-0.032,1.062
2,110066718,-0.008,-0.036,1.071
2,110069043,-0.004,-0.038,1.066
2,110071367,-0.005,-0.038,1.088
2,110073692,0.005,-0.038,1.064
2,110076016,0,-0.036,1.083
2,110078340,0.005,-0.034,1.048
2,110080665,0.001,-0.029,1.048
0,110085279,0.002,-0.002,0.995
0,110087605,-0.002,0.004,1.014
0,110089932,0.002,0.004,1.001
0,110092259,0.001,0.007,1.032
0,110094586,0.01,0.01,1.018
0,110096913,0.054,0.127,1.045
0,110099239,0.009,-0.035,1.032
0,110101565,0.004,-0.033,1.023
0,110103892,0.013,-0.002,1.027
0,110106219,0.018,-0.005,1
0,110108546,0.021,-0.001,1.018
0,110110873,0.026,0,0.989
0,110113199,0.021,-0.002,1.01
0,110115526,0.018,-0.002,1.001
0,110117853,0.018,-0.005,1.011
0,110120180,0.014,-0.006,1.018
0,110122506,0.015,-0.008,1.008
0,110124832,0.015,-0.005,1.029
0,110127194,0.028,0.02,1.009
0,110129519,0.03,0.025,1.029
0,110131844,0.306,0.711,1.013
0,110134169,-0.014,-0.116,1.022
0,110136493,-0.088,-0.216,1.005
0,110138818,0.013,-0.013,1.001
0,110141143,0.024,0.01,1.019
0,110143468,0.002,-0.036,0.999
0,110145793,-0.029,-0.095,1.023
0,110148118,-0.01,-0.039,1.016
0,110150442,-0.006,-0.039,1.031
2,110082991,0,-0.026,1.034
2,110085316,-0.002,-0.022,1.021
2,110087642,-0.007,-0.018,1.041
2,110089969,-0.003,-0.014,1.031
2,110092296,-0.007,-0.012,1.058
2,110094623,0.001,-0.009,1.045
2,110096949,0.003,-0.005,1.067
2,110099276,0.007,-0.008,1.058
2,110101602,0.015,-0.005,1.054
2,110103929,0.013,-0.004,1.06
2,110106256,0.019,-0.004,1.03
2,110108583,0.019,-0.006,1.046
2,110110910,0.02,-0.007,1.017
2,110113236,0.018,-0.011,1.036
2,110115563,0.017,-0.015,1.03
2,110117890,0.017,-0.018,1.037
2,110120216,0.014,-0.022,1.043
2,110122543,0.015,-0.023,1.034
2,110124869,0.012,-0.029,1.056
2,110127158,0.016,-0.028,1.037
2,110129483,0.044,0.004,1.058
2,110131808,-0.034,0.847,1.053
2,110134132,0.055,-0.143,1.055
2,110136457,0.048,-0.245,1.024
2,110138782,0.02,-0.035,1.022
2,110141107,0.015,-0.004,1.049
2,110143432,0.015,-0.061,1.04
2,110145757,0.006,-0.125,1.057
2,110148082,-0.014,-0.059,1.044
2,110150406,-0.012,-0.059,1.057
2,110152731,-0.011,0.022,1.059
0,110152767,0.029,0.059,1.026
0,110155091,0.039,0.058,1.02
0,110157415,0.049,0.064,1.035
0,110159740,0.026,0.006,1.043
0,110162064,-0.072,-0.156,1.056
0,110164389,-0.055,-0.113,1.009
0,110166714,-0.036,-0.075,1.016
0,110169039,-0.013,-0.021,1.013
0,110171365,-0.028,-0.032,1.018
0,110173692,-0.013,-0.015,1.027
0,110176018,-0.012,-0.014,1.013
0,110178345,-0.004,-0.006,1.033
0,110180672,0,-0.003,1.015
0,110182999,0.002,-0.003,1.029
0,110185326,0.009,-0.007,1.019
0,110187652,0.009,-0.008,1.016
0,110189979,0.013,-0.012,1.016
0,110192305,0.017,-0.015,0.999
0,110194631,0.017,-0.016,1.008
0,110196958,0.021,-0.018,0.993
0,110199285,0.019,-0.019,1.01
0,110201612,0.021,-0.023,1.009
0,110203939,0.018,-0.023,1.011
0,110206266,0.015,-0.019,1.018
0,110208593,0.016,-0.018,1.01
0,110210919,0.012,-0.015,1.026
0,110213245,0.014,-0.013,1.008
0,110215572,0.013,-0.007,1.018
0,110217899,0.015,-0.005,1.01
0,110220226,0.013,-0.001,1.009
2,110155054,0.002,0.053,1.05
2,110157379,0.007,0.064,1.064
2,110159704,-0.002,0.004,1.051
2,110162028,-0.032,-0.201,1.061
2,110164353,-0.023,-0.153,1.044
2,110166678,-0.02,-0.107,1.052
2,110169002,-0.004,-0.036,1.048
2,110171327,0.003,-0.05,1.05
2,110173651,-0.001,-0.033,1.06
2,110175975,-0.001,-0.031,1.044
2,110178300,0,-0.025,1.064
2,110180625,0.001,-0.02,1.047
2,110182949,0.002,-0.02,1.061
2,110185274,0.007,-0.022,1.052
2,110187599,0.011,-0.023,1.043
2,110189923,0.013,-0.027,1.05
2,110192248,0.016,-0.029,1.029
2,110194573,0.015,-0.032,1.039
2,110196897,0.018,-0.033,1.026
2,110199222,0.017,-0.034,1.04
2,110201547,0.018,-0.036,1.04
2,110203871,0.018,-0.036,1.043
2,110206196,0.015,-0.037,1.05
2,110208521,0.014,-0.035,1.042
2,110210846,0.011,-0.032,1.057
2,110213170,0.01,-0.029,1.045
2,110215494,0.007,-0.025,1.052
2,110217818,0.01,-0.022,1.045
2,110220143,0.006,-0.017,1.039
2,110222468,0.007,-0.016,1.049
0,110222552,0.013,0.001,1.01
0,110224878,0.013,0.004,1.003
0,110227205,0.01,0.006,1.018
0,110229532,0.009,0.009,1.013
0,110231858,0.006,0.01,1.024
0,110234185,0.007,0.01,1.026
0,110236512,0.003,0.011,1.03
0,110238838,0.003,0.011,1.038
0,110241165,0,0.012,1.03
0,110243491,0,0.01,1.037
0,110245817,0,0.009,1.022
0,110248144,0,0.007,1.021
0,110250470,0.002,0.003,1.016
0,110252796,0.002,0.001,1.012
0,110255122,0.004,-0.002,1.017
0,110257449,0.006,-0.005,1.01
0,110259775,0.005,-0.007,1.021
0,110262101,0.008,-0.008,1.019
0,110264428,0.008,-0.012,1.026
0,110266754,0.008,-0.013,1.028
0,110269081,0.008,-0.014,1.025
0,110271408,0.009,-0.013,1.026
0,110273734,0.011,-0.014,1.014
0,110276061,0.081,0.006,0.72
0,110278387,0.082,-0.041,-0.998
0,110280714,-0.148,0.031,3.907
0,110283040,0.065,-0.066,1.238
0,110285367,0.157,0.059,0.01
0,110287694,-0.132,-0.009,2.5
0,110290021,0.049,0.025,0.735
2,110224793,0.005,-0.011,1.037
2,110227118,0.004,-0.009,1.052
2,110229442,0.001,-0.009,1.046
2,110231767,-0.002,-0.007,1.061
2,110234092,-0.003,-0.008,1.062
2,110236416,-0.008,-0.007,1.064
2,110238741,-0.011,-0.009,1.072
2,110241066,-0.008,-0.009,1.064
2,110243391,-0.011,-0.01,1.07
2,110245715,-0.009,-0.014,1.058
2,110248039,-0.008,-0.015,1.056
2,110250363,-0.007,-0.015,1.051
2,110252688,-0.007,-0.018,1.047
2,110255012,-0.004,-0.021,1.053
2,110257336,0,-0.024,1.047
2,110259661,0,-0.026,1.054
2,110261986,0.002,-0.028,1.055
2,110264311,0.003,-0.03,1.058
2,110266635,0.004,-0.031,1.061
2,110268960,0.003,-0.031,1.057
2,110271285,0.005,-0.031,1.06
2,110273610,0.009,-0.031,1.046
2,110275934,0.052,0.005,0.866
2,110278259,0.082,-0.101,-1.542
2,110280583,-0.195,0.028,3.872
2,110282908,0.098,-0.08,1.492
2,110285232,0.161,0.087,0.025
2,110287556,-0.151,-0.069,2.587
2,110289881,0.032,0.008,0.823
2,110292205,0.13,-0.019,0.116
0,110292347,0.136,-0.039,0.125
0,110294674,-0.134,-0.028,2.452
0,110297000,0.07,-0.019,0.846
0,110299327,0.069,-0.021,0.373
0,110301654,-0.005,-0.005,0.885
0,110303980,0.016,-0.006,0.655
0,110306306,0.025,-0.02,0.518
0,110308633,0,0.026,1.013
0,110310959,-0.018,-0.031,1.153
0,110313286,0.015,-0.007,1.23
0,110315613,0.002,-0.028,1.067
0,110317939,-0.011,-0.012,1.219
0,110320266,0.01,0.01,1.221
0,110322592,-0.012,0.006,1.225
0,110324919,0.006,0.006,1.276
0,110327246,-0.037,0.021,1.285
0,110329573,-0.01,0.036,0.831
0,110331900,-0.025,0.052,0.725
0,110334226,-0.024,0.075,0.62
0,110336553,-0.032,0.032,0.842
0,110338880,-0.029,0.048,0.916
0,110341206,-0.025,0.027,1.116
0,110343532,0.002,0.017,1.013
0,110345858,0.009,0.008,1.105
0,110348185,0.032,-0.014,1.115
0,110350511,0.019,-0.022,1.284
0,110352838,0.038,-0.028,1.266
0,110355164,0.026,-0.023,1.16
0,110357491,0.036,-0.018,0.973
0,110359817,0.027,-0.02,0.85
2,110294530,-0.111,-0.081,2.374
2,110296854,0.036,-0.027,0.994
2,110299179,0.062,-0.006,0.476
2,110301503,0.01,-0.028,0.845
2,110303827,-0.001,-0.033,0.752
2,110306151,0.025,-0.028,0.501
2,110308475,-0.007,-0.006,1.052
2,110310800,-0.012,-0.048,1.144
2,110313124,0.007,-0.026,1.267
2,110315448,0.002,-0.04,1.114
2,110317773,-0.015,-0.031,1.214
2,110320097,0.002,-0.003,1.259
2,110322421,-0.02,-0.014,1.264
2,110324746,-0.002,-0.006,1.309
2,110327070,-0.048,-0.007,1.339
2,110329394,-0.026,0.017,0.885
2,110331719,-0.042,0.025,0.789
2,110334044,-0.046,0.044,0.658
2,110336368,-0.042,0.007,0.855
2,110338692,-0.044,0.023,0.942
2,110341017,-0.036,0.001,1.116
2,110343342,-0.008,-0.002,1.054
2,110345666,0,-0.008,1.138
2,110347991,0.027,-0.021,1.157
2,110350316,0.02,-0.035,1.293
2,110352641,0.037,-0.036,1.309
2,110354966,0.024,-0.036,1.207
2,110357290,0.03,-0.027,1.029
2,110359615,0.029,-0.032,0.898
2,110361940,0.027,-0.019,0.805
0,110362143,0.026,-0.009,0.77
0,110364468,0.014,-0.02,0.88
0,110366794,0.01,-0.011,0.893
0,110369120,0.016,-0.027,0.958
0,110371447,0.022,-0.022,0.892
0,110373773,0.027,-0.034,0.97
0,110376100,0.033,-0.038,1.067
0,110378426,0.029,-0.034,1.159
0,110380753,0.038,-0.037,1.19
0,110383079,0.034,-0.028,1.128
0,110385406,0.039,-0.024,1.063
0,110387732,0.034,-0.01,0.958
0,110390059,0.023,-0.002,0.967
0,110392386,0.023,0.004,0.943
0,110394713,0.007,0.014,0.94
0,110397039,0.011,0.017,0.9
0,110399366,0,0.023,0.922
0,110401693,0.004,0.022,0.934
0,110404019,0,0.022,1.019
0,110406346,-0.001,0.021,1.081
0,110408672,0.002,0.015,1.15
0,110410999,-0.001,0.013,1.152
0,110413325,0.005,0.008,1.122
0,110415652,0,0.006,1.094
0,110417979,-0.002,0.008,1.041
0,110420305,-0.007,0.009,1.006
0,110422632,-0.017,0.011,0.985
0,110424959,-0.015,0.008,0.949
0,110427286,-0.021,0.007,0.92
0,110429612,-0.016,0.001,0.928
2,110364264,0.019,-0.031,0.896
2,110366589,0.014,-0.024,0.925
2,110368914,0.02,-0.035,0.982
2,110371239,0.024,-0.033,0.936
2,110373563,0.032,-0.042,0.986
2,110375888,0.037,-0.043,1.092
2,110378212,0.033,-0.041,1.177
2,110380537,0.041,-0.043,1.227
2,110382861,0.037,-0.034,1.162
2,110385186,0.039,-0.027,1.109
2,110387511,0.035,-0.014,0.994
2,110389835,0.018,-0.01,1.002
2,110392160,0.021,-0.006,0.974
2,110394484,0,0,0.974
2,110396809,0.006,0.003,0.936
2,110399133,-0.009,0.005,0.953
2,110401458,-0.005,0.007,0.966
2,110403782,-0.011,0.008,1.045
2,110406107,-0.01,0.006,1.109
2,110408431,-0.002,0.001,1.18
2,110410756,-0.008,-0.001,1.19
2,110413080,-0.002,-0.002,1.167
2,110415404,-0.004,-0.004,1.131
2,110417729,-0.009,-0.005,1.089
2,110420053,-0.01,-0.005,1.049
2,110422378,-0.021,-0.007,1.026
2,110424702,-0.019,-0.01,0.99
2,110427027,-0.025,-0.012,0.958
2,110429351,-0.02,-0.015,0.962
2,110431676,-0.017,-0.023,1.015
0,110431938,-0.015,-0.006,0.99
0,110434265,-0.006,-0.01,1.031
0,110436591,0,-0.02,1.089
0,110438918,0.008,-0.022,1.092
0,110441245,0.02,-0.028,1.096
0,110443572,0.026,-0.026,1.051
0,110445898,0.03,-0.024,1.056
0,110448225,0.03,-0.023,1.015
0,110450552,0.026,-0.015,0.992
0,110452879,0.03,-0.013,0.953
0,110455205,0.025,-0.004,0.929
0,110457532,0.024,-0.003,0.94
0,110459859,0.021,0.002,0.947
0,110462185,0.021,0.002,1.003
0,110464512,0.024,0.001,1.013
0,110466838,0.023,0.006,1.043
0,110469165,0.031,0.001,1.037
0,110471491,0.027,0.005,1.045
0,110473818,0.028,0.002,1.054
0,110476145,0.026,0.002,1.025
0,110478471,0.019,0.004,1.034
0,110480797,0.019,0.003,0.993
0,110483124,0.009,0.004,0.992
0,110485450,0.006,0.002,0.976
0,110487776,-0.001,0.004,0.986
0,110490103,-0.006,0.001,1.007
0,110492430,-0.005,-0.001,1
0,110494756,-0.009,-0.001,1.045
0,110497083,-0.004,-0.006,1.02
0,110499411,-0.005,-0.004,1.063
2,110434001,-0.009,-0.026,1.061
2,110436325,0.002,-0.034,1.115
2,110438650,0.01,-0.034,1.127
2,110440975,0.021,-0.036,1.136
2,110443300,0.027,-0.033,1.096
2,110445624,0.029,-0.03,1.096
2,110447949,0.032,-0.029,1.059
2,110450275,0.027,-0.02,1.03
2,110452599,0.029,-0.02,0.997
2,110454924,0.022,-0.014,0.968
2,110457248,0.022,-0.012,0.976
2,110459572,0.019,-0.009,0.978
2,110461896,0.015,-0.007,1.032
2,110464221,0.021,-0.009,1.049
2,110466546,0.016,-0.003,1.075
2,110468871,0.025,-0.006,1.08
2,110471196,0.021,-0.004,1.078
2,110473521,0.021,-0.003,1.097
2,110475846,0.021,-0.005,1.067
2,110478171,0.013,-0.004,1.075
2,110480495,0.013,-0.007,1.039
2,110482819,0.004,-0.007,1.028
2,110485144,0,-0.01,1.017
2,110487468,-0.006,-0.013,1.018
2,110489793,-0.013,-0.017,1.046
2,110492117,-0.01,-0.02,1.036
2,110494441,-0.019,-0.024,1.084
2,110496765,-0.01,-0.028,1.063
2,110499090,-0.013,-0.028,1.1
2,110501415,-0.005,-0.029,1.095
0,110501738,0.001,-0.01,1.046
0,110504065,0,-0.009,1.057
0,110506391,0.001,-0.008,1.048
0,110508717,0.005,-0.007,1.017
0,110511044,-0.003,-0.005,1.027
0,110513371,0.002,-0.003,0.984
0,110515697,-0.004,0.001,1.015
0,110518023,0,0.002,0.99
0,110520350,0,0.005,1.011
0,110522676,0,0.006,1.018
0,110525002,0.008,0.005,1.011
0,110527330,0.008,0.005,1.043
0,110529656,0.017,0.002,1.014
0,110531984,0.016,0.004,1.045
0,110534310,0.025,0,1.01
0,110536637,0.025,0,1.021
0,110538964,0.027,-0.001,1.005
0,110541290,0.03,-0.002,0.994
0,110543617,0.023,-0.004,1.009
0,110545944,0.024,-0.004,0.982
0,110548271,0.019,-0.005,1.018
0,110550597,0.021,-0.008,0.987
0,110552924,0.018,-0.008,1.016
0,110555251,0.015,-0.008,1.008
0,110557577,0.019,-0.011,1.011
0,110559903,0.015,-0.011,1.026
0,110562230,0.017,-0.014,1.002
0,110564557,0.016,-0.014,1.028
0,110566884,0.017,-0.014,0.995
0,110569211,0.014,-0.011,1.023
2,110503740,-0.005,-0.028,1.093
2,110506065,-0.007,-0.029,1.099
2,110508390,-0.002,-0.027,1.059
2,110510714,-0.008,-0.025,1.072
2,110513039,-0.005,-0.02,1.03
2,110515364,-0.012,-0.019,1.053
2,110517689,-0.011,-0.017,1.04
2,110520014,-0.011,-0.016,1.045
2,110522339,-0.012,-0.014,1.064
2,110524664,-0.002,-0.014,1.048
2,110526989,-0.005,-0.013,1.088
2,110529313,0.008,-0.011,1.059
2,110531638,0.007,-0.012,1.087
2,110533963,0.011,-0.011,1.061
2,110536287,0.017,-0.012,1.059
2,110538612,0.014,-0.013,1.056
2,110540936,0.022,-0.013,1.03
2,110543261,0.013,-0.017,1.058
2,110545586,0.015,-0.017,1.023
2,110547911,0.011,-0.021,1.059
2,110550235,0.009,-0.021,1.035
2,110552560,0.01,-0.025,1.053
2,110554886,0.008,-0.026,1.056
2,110557210,0.011,-0.028,1.05
2,110559535,0.009,-0.03,1.071
2,110561860,0.011,-0.029,1.047
2,110564185,0.011,-0.029,1.071
2,110566510,0.01,-0.028,1.044
2,110568835,0.009,-0.029,1.059
2,110571160,0.003,-0.027,1.057
0,110571538,0.008,-0.01,1.007
0,110573864,0.006,-0.006,1.016
0,110576191,0.001,-0.006,1.025
0,110578517,0,-0.001,1.008
0,110580844,-0.002,-0.001,1.041
0,110583170,-0.002,0.003,1.01
0,110585496,-0.006,0.005,1.04
0,110587822,-0.003,0.006,1.019
0,110590149,0,0.009,1.027
0,110592475,0.002,0.009,1.029
0,110594802,0.003,0.008,1.014
0,110597128,0.004,0.009,1.035
0,110599454,0.007,0.009,1.008
0,110601780,0.004,0.01,1.034
0,110604107,0.007,0.008,1.015
0,110606434,0.006,0.009,1.024
0,110608760,0.006,0.005,1.025
0,110611087,0.006,0.004,1.015
0,110613413,0.007,0,1.031
0,110615739,0.011,-0.002,1.005
0,110618066,0.011,-0.006,1.025
0,110620392,0.017,-0.008,1.002
0,110622719,0.018,-0.01,1.009
0,110625046,0.022,-0.012,1.008
0,110627373,0.022,-0.014,0.994
0,110629699,0.022,-0.016,1.013
0,110632026,0.025,-0.017,0.995
0,110634352,0.022,-0.016,1.021
0,110636679,0.022,-0.015,1.008
0,110639005,0.017,-0.014,1.017
2,110573485,0.002,-0.025,1.049
2,110575810,-0.004,-0.025,1.071
2,110578135,-0.007,-0.021,1.044
2,110580460,-0.012,-0.019,1.079
2,110582785,-0.013,-0.018,1.057
2,110585110,-0.015,-0.015,1.076
2,110587434,-0.013,-0.012,1.068
2,110589759,-0.01,-0.01,1.063
2,110592083,-0.008,-0.007,1.077
2,110594408,-0.009,-0.007,1.054
2,110596733,-0.005,-0.007,1.079
2,110599057,-0.004,-0.008,1.052
2,110601382,-0.006,-0.008,1.072
2,110603707,-0.003,-0.01,1.061
2,110606032,-0.004,-0.009,1.059
2,110608357,-0.004,-0.013,1.072
2,110610681,-0.002,-0.014,1.051
2,110613006,-0.002,-0.018,1.075
2,110615331,0.003,-0.019,1.05
2,110617656,0.004,-0.019,1.061
2,110619981,0.01,-0.024,1.047
2,110622306,0.013,-0.025,1.043
2,110624631,0.014,-0.027,1.049
2,110626955,0.017,-0.028,1.031
2,110629280,0.019,-0.03,1.056
2,110631605,0.018,-0.031,1.039
2,110633930,0.017,-0.029,1.055
2,110636255,0.015,-0.031,1.052
2,110638580,0.013,-0.029,1.05
2,110640906,0.011,-0.029,1.062
0,110641332,0.018,-0.013,1.016
0,110643658,0.015,-0.01,1.007
0,110645984,0.014,-0.009,1.018
0,110648310,0.016,-0.005,1.001
0,110650637,0.013,-0.002,1.016
0,110652963,0.016,-0.003,1
0,110655290,0.012,0.001,1.012
0,110657616,0.011,0.002,1.018
0,110659942,0.008,0.004,1.011
0,110662269,0.007,0.006,1.031
0,110664595,0.005,0.009,1.021
0,110666922,0.001,0.008,1.038
0,110669248,0,0.008,1.029
0,110671574,-0.001,0.01,1.031
0,110673900,-0.001,0.008,1.03
0,110676226,-0.001,0.007,1.018
0,110678552,-0.002,0.007,1.025
0,110680878,0.001,0.006,1.01
0,110683204,-0.001,0.003,1.02
0,110685530,0.003,0.001,1.016
0,110687856,0.002,-0.002,1.019
0,110690182,0.005,-0.003,1.027
0,110692508,0.005,-0.006,1.019
0,110694834,0.007,-0.006,1.029
0,110697161,0.008,-0.006,1.019
0,110699487,0.007,-0.009,1.027
0,110701813,0.258,0.016,-0.319
0,110704139,-0.139,-0.421,0.797
0,110706466,-0.12,0.391,3.484
0,110708792,0.187,-0.021,0.658
2,110643230,0.01,-0.026,1.045
2,110645555,0.009,-0.025,1.061
2,110647880,0.008,-0.023,1.045
2,110650205,0.005,-0.02,1.053
2,110652529,0.006,-0.017,1.047
2,110654855,0.005,-0.013,1.046
2,110657180,0.002,-0.013,1.061
2,110659505,0,-0.011,1.053
2,110661830,-0.003,-0.012,1.071
2,110664156,-0.005,-0.011,1.062
2,110666481,-0.008,-0.011,1.076
2,110668806,-0.01,-0.011,1.073
2,110671132,-0.013,-0.011,1.072
2,110673456,-0.015,-0.013,1.076
2,110675781,-0.012,-0.012,1.059
2,110678105,-0.012,-0.015,1.069
2,110680430,-0.009,-0.016,1.057
2,110682755,-0.011,-0.016,1.061
2,110685080,-0.005,-0.019,1.061
2,110687405,-0.005,-0.02,1.055
2,110689730,-0.005,-0.023,1.067
2,110692055,-0.004,-0.023,1.061
2,110694380,-0.002,-0.026,1.071
2,110696704,0.001,-0.027,1.063
2,110699029,0.001,-0.029,1.067
2,110701354,0.103,-0.005,0.634
2,110703679,0.071,-0.356,-1.105
2,110706004,-0.308,0.296,3.918
2,110708329,0.163,-0.107,0.834
2,110710653,0.124,0.072,0.412
0,110711119,0.005,-0.07,0.386
0,110713445,-0.07,0.048,2.348
0,110715771,0.1,-0.04,0.349
0,110718098,0.124,-0.009,0.517
0,110720424,-0.151,-0.035,2.63
0,110722750,0.128,-0.052,0.195
0,110725077,0.036,0.017,0.671
0,110727403,-0.01,-0.046,0.977
0,110729729,0.021,0.005,0.243
0,110732055,-0.01,0.013,0.639
0,110734382,-0.001,0.056,1.165
0,110736708,-0.039,-0.003,1.126
0,110739035,0.025,0.004,1.242
0,110741361,-0.029,-0.024,1.385
0,110743688,0.008,0.008,1.082
0,110746015,0.002,0.008,1.294
0,110748341,-0.024,0.033,1.276
0,110750667,0.002,0.005,1.256
0,110752994,-0.042,0.028,1.271
0,110755320,0.001,0.037,0.68
0,110757647,-0.025,0.058,0.66
0,110759973,-0.023,0.071,0.59
0,110762300,-0.029,0.026,0.806
0,110764627,-0.03,0.037,0.968
0,110766954,-0.014,0,1.122
0,110769281,0.012,0.003,1.013
0,110771609,0.014,-0.013,1.169
0,110773935,0.04,-0.027,1.105
0,110776262,0.021,-0.037,1.369
0,110778588,0.047,-0.041,1.227
2,110712978,-0.137,-0.089,2.619
2,110715302,0.091,-0.014,0.457
2,110717627,0.141,-0.032,0.306
2,110719952,-0.134,-0.108,2.6
2,110722277,0.085,-0.044,0.542
2,110724602,0.043,0.048,0.648
2,110726926,-0.006,-0.074,0.93
2,110729251,-0.003,-0.004,0.586
2,110731575,0.007,-0.015,0.368
2,110733900,-0.049,0.015,1.25
2,110736225,-0.024,-0.027,1.082
2,110738550,-0.01,-0.025,1.316
2,110740874,-0.035,-0.041,1.433
2,110743199,-0.01,-0.012,1.128
2,110745524,-0.004,-0.002,1.281
2,110747848,-0.051,-0.001,1.402
2,110750173,-0.003,0.002,1.223
2,110752497,-0.065,-0.018,1.433
2,110754822,-0.022,0.023,0.756
2,110757146,-0.046,0.018,0.766
2,110759471,-0.051,0.042,0.61
2,110761795,-0.042,-0.007,0.807
2,110764120,-0.046,0.012,0.95
2,110766444,-0.033,-0.022,1.156
2,110768768,0,-0.017,1.053
2,110771092,-0.002,-0.023,1.213
2,110773417,0.036,-0.035,1.129
2,110775741,0.017,-0.05,1.371
2,110778066,0.044,-0.05,1.303
2,110780390,0.017,-0.044,1.254
0,110780915,0.024,-0.028,1.176
0,110783241,0.042,-0.025,0.913
0,110785568,0.023,-0.012,0.809
0,110787894,0.025,-0.009,0.736
0,110790221,0.011,-0.018,0.853
0,110792547,0.01,-0.005,0.887
0,110794873,0.019,-0.023,0.937
0,110797200,0.026,-0.013,0.886
0,110799527,0.035,-0.034,1.025
0,110801853,0.043,-0.031,1.057
0,110804180,0.033,-0.032,1.237
0,110806507,0.055,-0.035,1.175
0,110808833,0.033,-0.02,1.175
0,110811160,0.049,-0.017,1.029
0,110813486,0.029,-0.002,0.951
0,110815812,0.026,0.002,0.939
0,110818139,0.018,0.009,0.903
0,110820465,0,0.021,0.931
0,110822792,0.007,0.016,0.875
0,110825118,-0.014,0.024,0.935
0,110827444,0,0.017,0.933
0,110829771,-0.014,0.02,1.051
0,110832097,-0.005,0.014,1.107
0,110834424,-0.003,0.007,1.178
0,110836751,-0.008,0.007,1.177
0,110839077,0.005,0,1.123
0,110841403,-0.008,0.002,1.081
0,110843730,-0.002,0.003,1.026
0,110846056,-0.012,0.004,0.994
0,110848383,-0.019,0.007,0.975
2,110782714,0.031,-0.029,1.018
2,110785038,0.024,-0.03,0.873
2,110787363,0.019,-0.02,0.775
2,110789688,0.016,-0.034,0.858
2,110792013,0,-0.021,0.921
2,110794337,0.015,-0.039,0.978
2,110796663,0.018,-0.029,0.928
2,110798988,0.027,-0.042,1.036
2,110801313,0.041,-0.045,1.092
2,110803637,0.028,-0.039,1.233
2,110805962,0.043,-0.043,1.265
2,110808286,0.032,-0.03,1.2
2,110810610,0.036,-0.028,1.141
2,110812935,0.027,-0.018,0.98
2,110815259,0.009,-0.012,1.007
2,110817584,0.012,-0.005,0.941
2,110819908,-0.017,-0.002,0.977
2,110822233,-0.006,-0.001,0.922
2,110824557,-0.029,0.001,0.967
2,110826881,-0.016,0.001,0.968
2,110829206,-0.024,-0.004,1.069
2,110831530,-0.025,-0.005,1.14
2,110833855,-0.015,-0.012,1.209
2,110836180,-0.025,-0.012,1.223
2,110838504,-0.012,-0.017,1.185
2,110840829,-0.016,-0.017,1.135
2,110843153,-0.016,-0.016,1.092
2,110845478,-0.017,-0.018,1.036
2,110847802,-0.032,-0.019,1.032
2,110850127,-0.021,-0.018,0.969
0,110850710,-0.01,0.002,0.914
0,110853036,-0.024,0.006,0.926
0,110855363,-0.008,0,0.92
0,110857690,-0.014,-0.005,0.995
0,110860016,0.004,-0.006,1.031
0,110862343,0.007,-0.017,1.107
0,110864669,0.019,-0.019,1.091
0,110866996,0.029,-0.026,1.108
0,110869322,0.029,-0.019,1.052
0,110871649,0.036,-0.018,1.046
0,110873975,0.033,-0.014,1.01
0,110876302,0.03,-0.006,0.982
0,110878628,0.031,-0.006,0.944
0,110880954,0.022,0.001,0.929
0,110883281,0.026,-0.002,0.926
0,110885607,0.019,0.002,0.957
0,110887933,0.02,0.002,1.003
0,110890260,0.022,-0.001,1.018
0,110892586,0.022,0.002,1.057
0,110894913,0.031,-0.006,1.046
0,110897239,0.025,0,1.057
0,110899566,0.027,-0.005,1.053
0,110901892,0.022,-0.002,1.031
0,110904219,0.019,-0.001,1.025
0,110906546,0.016,-0.003,0.988
0,110908872,0.002,0.002,0.989
0,110911198,0.003,-0.002,0.964
0,110913525,-0.008,0.005,0.991
0,110915852,-0.008,0.001,1.002
0,110918179,-0.009,0.001,1.017
2,110852452,-0.034,-0.022,0.97
2,110854776,-0.023,-0.021,0.954
2,110857101,-0.019,-0.03,1.016
2,110859425,-0.012,-0.027,1.063
2,110861750,0.001,-0.036,1.136
2,110864075,0.006,-0.031,1.143
2,110866399,0.023,-0.037,1.151
2,110868724,0.025,-0.035,1.115
2,110871048,0.028,-0.028,1.09
2,110873373,0.026,-0.029,1.069
2,110875697,0.022,-0.02,1.029
2,110878022,0.024,-0.021,1
2,110880346,0.014,-0.013,0.967
2,110882671,0.015,-0.013,0.972
2,110884995,0.012,-0.014,0.978
2,110887319,0.008,-0.011,1.039
2,110889644,0.015,-0.015,1.052
2,110891968,0.009,-0.013,1.093
2,110894293,0.018,-0.017,1.094
2,110896618,0.015,-0.014,1.095
2,110898942,0.018,-0.015,1.101
2,110901267,0.015,-0.017,1.079
2,110903592,0.009,-0.015,1.075
2,110905917,0.009,-0.02,1.044
2,110908241,-0.005,-0.013,1.031
2,110910566,-0.005,-0.019,1.017
2,110912890,-0.012,-0.019,1.02
2,110915215,-0.02,-0.021,1.05
2,110917539,-0.015,-0.021,1.046
2,110919864,-0.022,-0.022,1.093
0,110920506,-0.011,0.001,1.05
0,110922832,-0.003,-0.003,1.028
0,110925159,-0.009,-0.001,1.075
0,110927485,0,-0.005,1.04
0,110929812,-0.002,-0.002,1.068
0,110932139,0.003,-0.001,1.035
0,110934466,0.001,0,1.025
0,110936792,-0.001,0.003,1.012
0,110939119,0.003,0.003,0.988
0,110941446,-0.005,0.007,1.013
0,110943773,0,0.005,0.986
0,110946099,-0.003,0.005,1.026
0,110948425,0.004,0.002,1.007
0,110950752,0.01,0,1.026
0,110953078,0.011,0,1.031
0,110955405,0.023,-0.002,1.023
0,110957732,0.021,-0.003,1.043
0,110960058,0.032,-0.005,0.996
0,110962385,0.029,-0.008,1.027
0,110964711,0.032,-0.009,0.979
0,110967037,0.03,-0.01,1.005
0,110969364,0.026,-0.009,0.986
0,110971691,0.025,-0.011,0.988
0,110974017,0.018,-0.011,1.014
0,110976343,0.021,-0.009,0.984
0,110978670,0.017,-0.012,1.03
0,110980997,0.019,-0.011,0.996
0,110983323,0.018,-0.012,1.03
0,110985650,0.017,-0.011,1.009
0,110987977,0.018,-0.01,1.012
2,110922188,-0.011,-0.024,1.068
2,110924513,-0.019,-0.023,1.109
2,110926838,-0.009,-0.022,1.093
2,110929163,-0.008,-0.02,1.103
2,110931487,-0.01,-0.019,1.096
2,110933812,-0.005,-0.018,1.065
2,110936137,-0.01,-0.017,1.069
2,110938461,-0.006,-0.014,1.029
2,110940786,-0.013,-0.015,1.056
2,110943110,-0.01,-0.012,1.033
2,110945435,-0.008,-0.013,1.056
2,110947759,-0.009,-0.013,1.062
2,110950084,0.003,-0.014,1.055
2,110952408,0,-0.015,1.083
2,110954732,0.013,-0.015,1.056
2,110957056,0.015,-0.017,1.09
2,110959381,0.021,-0.016,1.051
2,110961705,0.024,-0.019,1.066
2,110964030,0.022,-0.018,1.04
2,110966354,0.027,-0.02,1.03
2,110968678,0.018,-0.021,1.048
2,110971003,0.02,-0.021,1.017
2,110973327,0.014,-0.025,1.062
2,110975651,0.014,-0.022,1.025
2,110977975,0.012,-0.026,1.064
2,110980299,0.01,-0.024,1.048
2,110982623,0.013,-0.025,1.058
2,110984947,0.01,-0.027,1.071
2,110987272,0.012,-0.023,1.048
2,110989595,0.01,-0.024,1.076
0,110990304,0.014,-0.01,1.023
0,110992630,0.015,-0.007,0.991
0,110994957,0.01,-0.005,1.028
0,110997284,0.007,-0.003,0.992
0,110999611,0.002,-0.001,1.033
0,111001937,-0.001,-0.001,1.017
0,111004264,-0.003,0.003,1.023
0,111006590,-0.006,0.003,1.038
0,111008917,-0.005,0.007,1.013
0,111011243,-0.005,0.008,1.052
0,111013570,-0.003,0.008,1.008
0,111015896,-0.002,0.009,1.044
0,111018223,0.003,0.007,1.013
0,111020550,0.002,0.007,1.019
0,111022877,0.004,0.006,1.026
0,111025203,0.005,0.006,1.005
0,111027529,0.005,0.004,1.039
0,111029855,0.008,0.003,1.003
0,111032181,0.005,0.002,1.038
0,111034508,0.007,-0.003,1.013
0,111036834,0.007,-0.001,1.021
0,111039161,0.011,-0.006,1.027
0,111041488,0.016,-0.007,1.003
0,111043814,0.015,-0.01,1.029
0,111046141,0.021,-0.012,0.986
0,111048467,0.02,-0.011,1.015
0,111050794,0.027,-0.014,0.986
0,111053121,0.024,-0.014,1.001
0,111055447,0.029,-0.017,1.004
0,111057773,0.026,-0.014,0.993
2,110991920,0.008,-0.022,1.035
2,110994244,0.006,-0.02,1.068
2,110996568,-0.001,-0.021,1.047
2,110998892,-0.004,-0.017,1.06
2,111001216,-0.01,-0.018,1.073
2,111003540,-0.012,-0.014,1.051
2,111005864,-0.016,-0.016,1.093
2,111008188,-0.018,-0.013,1.053
2,111010513,-0.018,-0.011,1.09
2,111012837,-0.016,-0.011,1.066
2,111015162,-0.014,-0.008,1.073
2,111017486,-0.012,-0.011,1.075
2,111019811,-0.008,-0.008,1.048
2,111022136,-0.006,-0.01,1.082
2,111024460,-0.006,-0.009,1.045
2,111026785,-0.007,-0.012,1.081
2,111029109,-0.003,-0.014,1.053
2,111031433,-0.004,-0.015,1.067
2,111033758,0,-0.018,1.072
2,111036082,0.001,-0.016,1.053
2,111038407,0.001,-0.02,1.079
2,111040731,0.009,-0.021,1.044
2,111043056,0.008,-0.023,1.071
2,111045381,0.014,-0.026,1.039
2,111047705,0.014,-0.025,1.046
2,111050029,0.019,-0.026,1.046
2,111052354,0.02,-0.026,1.03
2,111054679,0.02,-0.028,1.06
2,111057004,0.022,-0.027,1.033
2,111059328,0.015,-0.028,1.065
0,111060100,0.023,-0.014,1.023
0,111062426,0.023,-0.014,0.999
0,111064753,0.016,-0.01,1.028
0,111067079,0.02,-0.008,1.006
0,111069405,0.017,-0.005,1.019
0,111071732,0.016,-0.005,1.015
0,111074058,0.015,-0.001,1
0,111076385,0.012,0.001,1.016
0,111078712,0.015,0,0.99
0,111081038,0.009,0.004,1.021
0,111083365,0.01,0.003,1.005
0,111085691,0.006,0.006,1.02
0,111088018,0.004,0.007,1.028
0,111090344,0.003,0.006,1.022
0,111092669,-0.001,0.008,1.043
0,111094996,0,0.006,1.023
0,111097323,-0.004,0.007,1.041
0,111099650,-0.001,0.005,1.021
0,111101976,-0.002,0.007,1.025
0,111104303,-0.001,0.004,1.019
0,111106629,0.001,0.001,1.009
0,111108956,0.002,0.002,1.022
0,111111282,0.005,-0.001,1.005
0,111113609,0.004,-0.002,1.019
0,111115936,0.006,-0.004,1.013
0,111118262,0.006,-0.007,1.021
0,111120588,0.007,-0.007,1.027
0,111122914,0.009,-0.005,1.023
0,111125241,0.008,-0.007,1.03
0,111127567,0.015,-0.008,1.008
2,111061653,0.018,-0.027,1.045
2,111063977,0.012,-0.026,1.059
2,111066302,0.012,-0.024,1.062
2,111068626,0.009,-0.02,1.052
2,111070951,0.005,-0.018,1.07
2,111073275,0.007,-0.017,1.039
2,111075600,0.002,-0.016,1.06
2,111077924,0.006,-0.013,1.043
2,111080248,0,-0.011,1.052
2,111082572,0.001,-0.011,1.057
2,111084896,-0.001,-0.01,1.051
2,111087221,-0.005,-0.009,1.077
2,111089545,-0.006,-0.009,1.06
2,111091869,-0.012,-0.01,1.086
2,111094194,-0.01,-0.011,1.07
2,111096518,-0.014,-0.011,1.08
2,111098843,-0.015,-0.013,1.073
2,111101167,-0.013,-0.013,1.064
2,111103492,-0.015,-0.015,1.071
2,111105816,-0.008,-0.014,1.05
2,111108140,-0.011,-0.018,1.064
2,111110465,-0.005,-0.018,1.054
2,111112789,-0.005,-0.018,1.058
2,111115113,-0.004,-0.021,1.064
2,111117437,-0.002,-0.023,1.059
2,111119762,-0.002,-0.023,1.073
2,111122086,0.003,-0.023,1.062
2,111124411,0,-0.025,1.076
2,111126735,0.005,-0.024,1.062
2,111129060,0.006,-0.023,1.057
0,111129894,0.013,-0.008,1.022
0,111132220,0.017,-0.007,1.005
0,111134547,0.02,-0.008,1.001
0,111136873,0.02,-0.007,1.003
0,111139199,0.023,-0.009,0.993
0,111141526,0.021,-0.006,1.004
0,111143852,0.025,-0.007,0.998
0,111146179,0.022,-0.006,1.011
0,111148505,0.023,-0.005,1.011
0,111150832,0.02,-0.005,1.014
0,111153158,0.019,-0.004,1.023
0,111155484,0.018,-0.003,1.013
0,111157811,0.016,-0.003,1.021
0,111160138,0.015,-0.002,1.008
0,111162464,0.012,0,1.009
0,111164790,0.012,-0.001,1.009
0,111167117,0.012,0,1.004
0,111169443,0.01,0.001,1.011
0,111171769,0.01,-0.002,1.007
0,111174095,0.005,-0.001,1.022
0,111176421,0.006,-0.002,1.02
0,111178748,0.004,-0.002,1.028
0,111181074,0.002,-0.002,1.03
0,111183400,0.001,-0.001,1.029
0,111185727,-0.001,0,1.033
0,111188054,0.001,0,1.02
0,111190380,0.001,-0.001,1.026
0,111192707,0.002,0,1.016
0,111195033,0.002,0,1.016
0,111197359,0.002,0,1.011
2,111131385,0.006,-0.023,1.054
2,111133709,0.012,-0.022,1.04
2,111136034,0.011,-0.021,1.05
2,111138359,0.016,-0.019,1.037
2,111140684,0.014,-0.02,1.044
2,111143009,0.017,-0.018,1.043
2,111145334,0.014,-0.018,1.045
2,111147659,0.014,-0.019,1.058
2,111149984,0.013,-0.02,1.054
2,111152309,0.011,-0.018,1.069
2,111154633,0.01,-0.018,1.058
2,111156958,0.008,-0.018,1.059
2,111159282,0.006,-0.017,1.054
2,111161607,0.004,-0.019,1.052
2,111163932,0.001,-0.016,1.056
2,111166257,0.003,-0.02,1.046
2,111168581,0,-0.018,1.054
2,111170906,-0.001,-0.018,1.049
2,111173231,-0.004,-0.019,1.059
2,111175556,-0.004,-0.02,1.065
2,111177881,-0.005,-0.019,1.067
2,111180205,-0.008,-0.02,1.075
2,111182530,-0.006,-0.02,1.068
2,111184854,-0.008,-0.018,1.078
2,111187179,-0.01,-0.019,1.069
2,111189504,-0.007,-0.019,1.068
2,111191829,-0.009,-0.019,1.065
2,111194154,-0.007,-0.019,1.056
2,111196478,-0.006,-0.018,1.06
2,111198803,-0.004,-0.017,1.052
0,111199686,0.007,0,1.009
0,111202012,0.006,0,1.021
0,111204339,0.009,-0.001,1.015
0,111206665,0.007,-0.001,1.028
0,111208992,0.01,-0.001,1.022
0,111211318,0.011,-0.001,1.026
0,111213645,0.013,-0.002,1.022
0,111215971,0.014,-0.003,1.018
0,111218297,0.012,-0.002,1.019
0,111220623,0.016,-0.002,1.008
0,111222950,0.016,-0.003,1.014
0,111225276,0.018,-0.004,1
0,111227603,0.018,-0.003,1.005
0,111229930,0.018,-0.003,1.004
0,111232256,0.018,-0.006,1.006
0,111234582,0.018,-0.006,1.017
0,111236909,0.017,-0.007,1.009
0,111239235,0.014,-0.006,1.022
0,111241562,0.016,-0.007,1.017
0,111243888,0.014,-0.006,1.025
0,111246214,0.012,-0.006,1.02
0,111248540,0.012,-0.006,1.013
0,111250867,0.01,-0.005,1.016
0,111253194,0.009,-0.002,1.004
0,111255520,0.01,-0.002,1.016
0,111257846,0.01,-0.002,1.005
0,111260173,0.007,-0.001,1.019
0,111262500,0.006,-0.001,1.019
0,111264825,0.006,0.001,1.012
0,111267152,0.005,0.001,1.026
2,111201128,-0.007,-0.02,1.063
2,111203453,-0.003,-0.018,1.061
2,111205777,-0.001,-0.017,1.064
2,111208102,-0.001,-0.018,1.067
2,111210427,0,-0.018,1.063
2,111212752,0,-0.018,1.071
2,111215077,0.005,-0.019,1.06
2,111217401,0.005,-0.018,1.067
2,111219726,0.006,-0.018,1.055
2,111222051,0.006,-0.019,1.054
2,111224375,0.008,-0.02,1.05
2,111226700,0.01,-0.02,1.041
2,111229024,0.009,-0.02,1.053
2,111231349,0.01,-0.019,1.043
2,111233673,0.01,-0.023,1.056
2,111235997,0.01,-0.024,1.05
2,111238321,0.011,-0.024,1.059
2,111240646,0.009,-0.023,1.061
2,111242970,0.007,-0.024,1.059
2,111245295,0.005,-0.023,1.065
2,111247619,0.006,-0.023,1.053
2,111249943,0.002,-0.023,1.059
2,111252268,0.004,-0.022,1.047
2,111254592,0.003,-0.02,1.054
2,111256916,0.001,-0.02,1.056
2,111259241,-0.001,-0.018,1.055
2,111261565,-0.002,-0.018,1.065
2,111263890,-0.003,-0.017,1.05
2,111266214,-0.006,-0.016,1.066
2,111268538,-0.004,-0.018,1.064
0,111269479,0.005,0.001,1.022
0,111271806,0.004,0.001,1.039
0,111274132,0.003,0.001,1.028
0,111276458,0.005,0.003,1.03
0,111278784,0.006,0.002,1.025
0,111281111,0.005,0.002,1.013
0,111283437,0.004,0.002,1.018
0,111285764,0.006,0.001,1.005
0,111288090,0.006,0.004,1.016
0,111290416,0.008,0.001,1.009
0,111292743,0.008,-0.001,1.018
0,111295069,0.009,-0.002,1.019
0,111297395,0.011,-0.002,1.023
0,111299722,0.011,-0.004,1.027
0,111302049,0.012,-0.004,1.017
0,111304376,0.013,-0.005,1.023
0,111306703,0.016,-0.006,1.01
0,111309030,0.015,-0.006,1.016
0,111311356,0.016,-0.005,1.012
0,111313683,0.017,-0.006,1.006
0,111316009,0.015,-0.007,1.014
0,111318336,0.016,-0.005,1.005
0,111320662,0.015,-0.006,1.015
0,111322989,0.015,-0.007,1.009
0,111325316,0.015,-0.004,1.016
0,111327643,0.016,-0.005,1.016
0,111329969,0.013,-0.005,1.019
0,111332296,0.012,-0.003,1.023
0,111334622,0.012,-0.002,1.016
0,111336949,0.012,-0.001,1.024
2,111270862,-0.004,-0.016,1.075
2,111273187,-0.005,-0.015,1.076
2,111275510,-0.004,-0.017,1.069
2,111277835,-0.006,-0.017,1.074
2,111280159,-0.006,-0.016,1.057
2,111282483,-0.005,-0.015,1.063
2,111284808,-0.005,-0.015,1.052
2,111287132,-0.004,-0.014,1.055
2,111289457,-0.002,-0.016,1.056
2,111291781,-0.002,-0.016,1.055
2,111294106,0,-0.019,1.065
2,111296430,0.002,-0.02,1.06
2,111298754,0.002,-0.02,1.07
2,111301079,0.004,-0.023,1.06
2,111303404,0.004,-0.022,1.063
2,111305729,0.005,-0.023,1.059
2,111308054,0.007,-0.023,1.051
2,111310379,0.007,-0.024,1.06
2,111312704,0.008,-0.023,1.045
2,111315028,0.008,-0.023,1.053
2,111317353,0.008,-0.024,1.045
2,111319678,0.008,-0.023,1.052
2,111322002,0.007,-0.022,1.053
2,111324326,0.005,-0.022,1.05
2,111326651,0.006,-0.021,1.062
2,111328976,0.007,-0.022,1.054
2,111331301,0.004,-0.021,1.066
2,111333625,0.004,-0.021,1.058
2,111335950,0.001,-0.02,1.064
2,111338275,0.002,-0.019,1.059
0,111339275,0.01,0,1.011
0,111341602,0.009,0,1.02
0,111343928,0.009,0.002,1.013
0,111346255,0.007,0.001,1.013
0,111348581,0.007,0.002,1.02
0,111350908,0.006,0.003,1.016
0,111353234,0.005,0.001,1.027
0,111355561,0.007,0.001,1.021
0,111357887,0.006,0,1.028
0,111360213,0.004,0.001,1.026
0,111362540,0.005,0,1.023
0,111364867,0.005,0,1.028
0,111367194,0.007,-0.001,1.017
0,111369521,0.006,-0.001,1.022
0,111371847,0.008,-0.002,1.011
0,111374173,0.006,0,1.014
0,111376500,0.01,0,1.014
0,111378826,0.01,-0.002,1.018
0,111381152,0.009,-0.003,1.022
0,111383479,0.011,-0.002,1.016
0,111385805,0.011,-0.002,1.023
0,111388131,0.012,-0.004,1.015
0,111390458,0.012,-0.004,1.016
0,111392784,0.012,-0.004,1.015
0,111395110,0.015,-0.004,1.015
0,111397437,0.015,-0.004,1.019
0,111399763,0.016,-0.004,1.01
0,111402089,0.016,-0.005,1.019
0,111404416,0.016,-0.004,1.012
0,111406742,0.015,-0.004,1.015
2,111340599,0,-0.017,1.055
2,111342924,-0.002,-0.019,1.058
2,111345249,-0.002,-0.017,1.049
2,111347573,-0.003,-0.017,1.059
2,111349898,-0.004,-0.015,1.055
2,111352222,-0.004,-0.018,1.063
2,111354547,-0.004,-0.017,1.067
2,111356872,-0.005,-0.018,1.063
2,111359197,-0.004,-0.017,1.071
2,111361521,-0.005,-0.018,1.06
2,111363846,-0.005,-0.018,1.071
2,111366170,-0.003,-0.018,1.062
2,111368495,-0.003,-0.02,1.063
2,111370819,-0.001,-0.018,1.059
2,111373144,-0.001,-0.017,1.049
2,111375468,0.002,-0.019,1.057
2,111377792,0.003,-0.018,1.053
2,111380117,0.002,-0.019,1.063
2,111382441,0.005,-0.02,1.055
2,111384766,0.005,-0.022,1.058
2,111387091,0.004,-0.023,1.06
2,111389416,0.005,-0.022,1.052
2,111391740,0.006,-0.021,1.056
2,111394065,0.006,-0.021,1.054
2,111396390,0.007,-0.021,1.057
2,111398714,0.009,-0.021,1.051
2,111401039,0.008,-0.022,1.054
2,111403363,0.009,-0.02,1.054
2,111405688,0.01,-0.02,1.048
2,111408012,0.008,-0.021,1.055
0,111409068,0.014,-0.003,1.015
0,111411395,0.016,-0.002,1.013
0,111413721,0.013,-0.003,1.016
0,111416047,0.012,-0.002,1.015
0,111418373,0.01,-0.001,1.022
0,111420700,0.009,-0.001,1.018
0,111423027,0.008,-0.001,1.025
0,111425354,0.009,-0.001,1.021
0,111427680,0.009,-0.001,1.02
0,111430006,0.007,0,1.019
0,111432333,0.008,0,1.017
0,111434660,0.007,0,1.021
0,111436987,0.005,-0.001,1.018
0,111439313,0.005,0,1.021
0,111441640,0.005,0,1.018
0,111443967,0.006,0.001,1.02
0,111446294,0.005,0.001,1.026
0,111448620,0.005,0,1.022
0,111450946,0.006,-0.001,1.027
0,111453273,0.006,-0.001,1.021
0,111455599,0.008,-0.001,1.022
0,111457926,0.009,-0.001,1.021
0,111460252,0.011,-0.001,1.019
0,111462579,0.009,-0.001,1.02
0,111464905,0.011,-0.003,1.013
0,111467232,0.012,-0.002,1.016
0,111469559,0.013,-0.002,1.013
0,111471885,0.012,-0.003,1.016
0,111474211,0.012,-0.001,1.017
0,111476537,0.012,-0.002,1.015
2,111410337,0.008,-0.021,1.048
2,111412662,0.006,-0.019,1.055
2,111414986,0.003,-0.018,1.051
2,111417311,0.005,-0.02,1.058
2,111419636,0.004,-0.019,1.058
2,111421960,0.003,-0.018,1.061
2,111424285,0.003,-0.018,1.066
2,111426610,0.001,-0.02,1.056
2,111428934,-0.001,-0.019,1.062
2,111431258,-0.001,-0.018,1.057
2,111433582,-0.003,-0.018,1.058
2,111435906,-0.002,-0.019,1.061
2,111438230,-0.002,-0.019,1.06
2,111440555,-0.003,-0.02,1.064
2,111442879,-0.003,-0.02,1.058
2,111445203,-0.005,-0.02,1.065
2,111447528,-0.005,-0.019,1.06
2,111449852,-0.003,-0.021,1.067
2,111452177,-0.003,-0.019,1.064
2,111454502,-0.001,-0.019,1.062
2,111456826,-0.001,-0.019,1.062
2,111459151,0,-0.02,1.058
2,111461475,0.001,-0.02,1.061
2,111463799,0.002,-0.021,1.055
2,111466123,0.003,-0.021,1.057
2,111468447,0.002,-0.021,1.057
2,111470771,0.004,-0.022,1.054
2,111473096,0.004,-0.021,1.059
2,111475420,0.004,-0.02,1.056
2,111477745,0.004,-0.021,1.059
0,111478864,0.011,-0.003,1.019
0,111481190,0.013,-0.003,1.016
0,111483517,0.014,-0.003,1.019
0,111485843,0.015,-0.002,1.015
0,111488170,0.015,-0.002,1.018
0,111490496,0.013,-0.003,1.016
0,111492822,0.013,-0.003,1.014
0,111495148,0.014,-0.003,1.015
0,111497475,0.013,-0.004,1.013
0,111499802,0.012,-0.001,1.016
0,111502128,0.013,-0.002,1.014
0,111504455,0.011,-0.003,1.02
0,111506782,0.009,-0.001,1.019
0,111509108,0.008,-0.001,1.018
0,111511435,0.009,-0.001,1.021
0,111513761,0.009,-0.001,1.018
0,111516088,0.007,0,1.021
0,111518414,0.008,0,1.02
0,111520741,0.009,0,1.02
0,111523067,0.008,0.002,1.02
0,111525394,0.006,0.001,1.018
0,111527720,0.007,0.001,1.022
0,111530047,0.006,0,1.018
0,111532373,0.006,0,1.023
0,111534699,0.007,0,1.021
0,111537026,0.006,-0.001,1.021
0,111539352,0.008,0.001,1.02
0,111541678,0.009,0,1.02
0,111544005,0.009,-0.001,1.023
0,111546331,0.008,0,1.017
2,111480070,0.006,-0.021,1.056
2,111482395,0.005,-0.02,1.056
2,111484720,0.007,-0.02,1.06
2,111487044,0.007,-0.022,1.056
2,111489369,0.006,-0.022,1.059
2,111491693,0.006,-0.022,1.054
2,111494018,0.007,-0.021,1.055
2,111496342,0.006,-0.022,1.056
2,111498667,0.006,-0.021,1.056
2,111500991,0.005,-0.021,1.056
2,111503316,0.002,-0.021,1.058
2,111505641,0.001,-0.021,1.061
2,111507966,0.002,-0.018,1.057
2,111510290,0,-0.022,1.064
2,111512615,0.001,-0.022,1.059
2,111514939,0,-0.019,1.062
2,111517263,0.001,-0.018,1.065
2,111519588,-0.001,-0.019,1.058
2,111521912,-0.002,-0.019,1.066
2,111524237,-0.002,-0.018,1.059
2,111526561,-0.002,-0.02,1.064
2,111528885,-0.003,-0.018,1.059
2,111531210,-0.001,-0.02,1.063
2,111533534,-0.003,-0.02,1.065
2,111535858,-0.002,-0.02,1.062
2,111538183,-0.002,-0.02,1.063
2,111540507,-0.003,-0.018,1.061
2,111542832,-0.001,-0.019,1.064
2,111545157,-0.001,-0.019,1.062
2,111547481,-0.002,-0.02,1.062
0,111548657,0.009,-0.001,1.018
0,111550983,0.01,-0.002,1.015
0,111553310,0.011,-0.002,1.02
0,111555636,0.01,-0.001,1.02
0,111557962,0.01,-0.002,1.017
0,111560288,0.012,-0.003,1.019
0,111562615,0.011,-0.002,1.014
0,111564941,0.013,-0.002,1.02
0,111567267,0.012,-0.004,1.015
0,111569593,0.013,-0.002,1.019
0,111571920,0.013,-0.003,1.017
0,111574246,0.013,-0.004,1.014
0,111576572,0.014,-0.004,1.015
0,111578899,0.015,-0.003,1.014
0,111581225,0.011,-0.005,1.018
0,111583551,0.012,-0.004,1.017
0,111585877,0.012,-0.002,1.019
0,111588204,0.011,-0.002,1.016
0,111590530,0.011,-0.002,1.014
0,111592857,0.011,-0.003,1.018
0,111595184,0.011,-0.001,1.016
0,111597510,0.01,-0.001,1.02
0,111599837,0.009,0,1.018
0,111602163,0.009,-0.001,1.019
0,111604490,0.007,0,1.018
0,111606816,0.008,0,1.018
0,111609142,0.006,-0.001,1.022
0,111611469,0.008,-0.001,1.019
0,111613795,0.007,0,1.025
0,111616121,0.007,-0.001,1.021
2,111549806,0.001,-0.021,1.064
2,111552131,0,-0.021,1.061
2,111554456,0.001,-0.02,1.063
2,111556781,0,-0.02,1.059
2,111559105,0.002,-0.02,1.063
2,111561429,0.002,-0.021,1.061
2,111563754,0.004,-0.021,1.061
2,111566078,0.002,-0.021,1.06
2,111568403,0.003,-0.021,1.058
2,111570728,0.003,-0.022,1.062
2,111573053,0.006,-0.02,1.057
2,111575377,0.003,-0.022,1.061
2,111577702,0.003,-0.022,1.059
2,111580026,0.004,-0.021,1.059
2,111582351,0.002,-0.022,1.062
2,111584675,0.001,-0.022,1.062
2,111586999,0.001,-0.022,1.064
2,111589324,0.001,-0.021,1.062
2,111591649,-0.002,-0.021,1.064
2,111593973,-0.003,-0.02,1.064
2,111596297,-0.003,-0.02,1.064
2,111598622,-0.002,-0.018,1.066
2,111600947,-0.002,-0.02,1.062
2,111603271,-0.002,-0.019,1.065
2,111605596,-0.003,-0.019,1.062
2,111607921,-0.004,-0.02,1.068
2,111610245,-0.006,-0.02,1.067
2,111612570,-0.004,-0.018,1.068
2,111614894,-0.005,-0.018,1.068
2,111617219,-0.003,-0.019,1.066
0,111618448,0.008,0.001,1.021
0,111620774,0.012,0,1.019
0,111623100,0.008,0,1.02
0,111625427,0.008,0,1.021
0,111627753,0.009,0,1.016
0,111630080,0.009,-0.001,1.019
0,111632406,0.009,-0.001,1.015
0,111634732,0.01,0,1.019
0,111637059,0.011,-0.003,1.02
0,111639385,0.01,-0.002,1.019
0,111641711,0.01,-0.003,1.021
0,111644037,0.009,-0.003,1.016
0,111646363,0.01,-0.002,1.02
0,111648689,0.011,-0.002,1.016
0,111651015,0.012,-0.003,1.02
0,111653342,0.012,-0.003,1.018
0,111655668,0.013,-0.002,1.016
0,111657994,0.011,-0.003,1.017
0,111660320,0.012,-0.003,1.014
0,111662647,0.013,-0.002,1.018
0,111664973,0.013,-0.003,1.014
0,111667299,0.013,-0.002,1.013
0,111669625,0.011,-0.001,1.017
0,111671951,0.011,-0.003,1.015
0,111674277,0.012,-0.002,1.019
0,111676604,0.01,-0.002,1.019
0,111678930,0.01,-0.002,1.021
0,111681257,0.01,-0.002,1.017
0,111683583,0.009,-0.002,1.02
0,111685909,0.008,0,1.019
2,111619543,-0.005,-0.019,1.069
2,111621868,-0.006,-0.018,1.067
2,111624192,-0.005,-0.019,1.068
2,111626517,-0.004,-0.021,1.068
2,111628842,-0.003,-0.02,1.065
2,111631166,-0.005,-0.021,1.067
2,111633490,-0.003,-0.02,1.064
2,111635815,-0.004,-0.022,1.067
2,111638139,-0.004,-0.02,1.066
2,111640463,-0.002,-0.02,1.068
2,111642788,-0.002,-0.019,1.065
2,111645112,-0.002,-0.021,1.064
2,111647436,-0.001,-0.02,1.066
2,111649760,0,-0.022,1.067
2,111652085,-0.004,-0.024,1.067
2,111654410,-0.003,-0.024,1.064
2,111656734,-0.005,-0.025,1.069
2,111659058,-0.002,-0.025,1.065
2,111661383,-0.001,-0.024,1.064
2,111663708,-0.002,-0.024,1.065
2,111666033,-0.002,-0.024,1.063
2,111668358,-0.002,-0.023,1.067
2,111670683,-0.002,-0.024,1.063
2,111673008,-0.004,-0.024,1.067
2,111675332,-0.006,-0.022,1.067
2,111677657,-0.005,-0.022,1.068
2,111679982,-0.006,-0.022,1.068
2,111682308,-0.006,-0.022,1.069
2,111684633,-0.005,-0.023,1.068
2,111686958,-0.006,-0.022,1.067
0,111688236,0.01,-0.002,1.018
0,111690562,0.009,-0.001,1.02
0,111692888,0.009,0,1.019
0,111695214,0.008,-0.001,1.019
0,111697539,0.009,0,1.01
0,111699865,0.01,-0.001,1.005
0,111702191,0.009,-0.001,1.004
0,111704517,0.01,-0.002,1.012
0,111706843,0.009,-0.004,1.031
0,111709170,0.01,-0.005,1.042
0,111711496,0.01,-0.005,1.043
0,111713822,0.01,-0.003,1.026
0,111716149,0.012,-0.002,1.002
0,111718475,0.011,-0.002,1.001
0,111720802,0.01,-0.004,1.011
0,111723128,0.01,-0.003,1.019
0,111725454,0.009,-0.002,1.022
0,111727781,0.012,-0.001,1.02
0,111730107,0.01,0,1.014
0,111732433,0.014,-0.004,1.012
0,111734760,0.009,0.001,1.017
0,111737086,0.011,-0.001,1.02
0,111739413,0.01,-0.001,1.022
0,111741740,0.009,0,1.025
0,111744067,0.01,-0.001,1.017
0,111746393,0.01,-0.001,1.024
0,111748720,0.012,-0.001,1.026
0,111751046,0.01,0,1.021
0,111753372,0.009,0,1.02
0,111755699,0.009,-0.001,1.01
2,111689282,-0.008,-0.023,1.069
2,111691607,-0.007,-0.021,1.07
2,111693932,-0.007,-0.022,1.069
2,111696257,-0.008,-0.024,1.064
2,111698582,-0.006,-0.022,1.054
2,111700906,-0.005,-0.022,1.054
2,111703231,-0.007,-0.024,1.055
2,111705556,-0.005,-0.025,1.07
2,111707881,-0.005,-0.027,1.089
2,111710205,-0.004,-0.027,1.093
2,111712530,-0.005,-0.026,1.088
2,111714855,-0.007,-0.023,1.065
2,111717180,-0.005,-0.023,1.052
2,111719505,-0.006,-0.023,1.054
2,111721830,-0.005,-0.025,1.066
2,111724154,-0.005,-0.024,1.072
2,111726479,-0.003,-0.023,1.072
2,111728804,-0.003,-0.022,1.068
2,111731129,-0.009,-0.02,1.063
2,111733454,-0.004,-0.023,1.066
2,111735778,-0.005,-0.025,1.069
2,111738103,-0.008,-0.022,1.07
2,111740429,-0.004,-0.022,1.074
2,111742753,-0.005,-0.022,1.073
2,111745078,-0.006,-0.023,1.068
2,111747403,-0.008,-0.022,1.077
2,111749727,-0.006,-0.022,1.074
2,111752051,-0.006,-0.021,1.072
2,111754376,-0.007,-0.021,1.068
2,111756700,-0.009,-0.02,1.061
0,111758026,0.008,-0.001,1.008
0,111760352,0.007,-0.001,1.014
0,111762678,0.007,-0.001,1.019
0,111765004,0.008,-0.001,1.023
0,111767330,0.007,-0.003,1.028
0,111769657,0.009,-0.003,1.027
0,111771983,0.008,-0.003,1.025
0,111774310,0.01,-0.003,1.022
0,111776636,0.008,-0.002,1.021
0,111778962,0.008,-0.002,1.022
0,111781288,0.008,-0.001,1.017
0,111783615,0.009,0,1.018
0,111785941,0.009,-0.001,1.017
0,111788268,0.01,0,1.018
0,111790594,0.01,-0.001,1.021
0,111792920,0.01,-0.002,1.025
0,111795246,0.009,-0.003,1.026
0,111797573,0.01,0,1.026
0,111799899,0.008,0,1.025
0,111802225,0.009,-0.001,1.02
0,111804551,0.009,0,1.021
0,111806878,0.008,-0.002,1.02
0,111809204,0.009,0,1.019
0,111811530,0.01,-0.001,1.017
0,111813856,0.01,-0.001,1.016
0,111816183,0.01,-0.002,1.017
0,111818509,0.011,-0.003,1.013
0,111820836,0.009,-0.004,1.014
0,111823163,0.012,-0.005,1.01
0,111825489,0.011,-0.003,1.009
2,111759025,-0.01,-0.023,1.061
2,111761350,-0.009,-0.022,1.067
2,111763675,-0.009,-0.023,1.072
2,111765999,-0.009,-0.023,1.075
2,111768323,-0.009,-0.025,1.079
2,111770648,-0.008,-0.024,1.078
2,111772972,-0.008,-0.024,1.077
2,111775297,-0.007,-0.025,1.072
2,111777621,-0.009,-0.025,1.071
2,111779946,-0.011,-0.022,1.073
2,111782270,-0.01,-0.022,1.068
2,111784594,-0.01,-0.023,1.067
2,111786919,-0.009,-0.023,1.067
2,111789244,-0.009,-0.02,1.071
2,111791569,-0.008,-0.02,1.073
2,111793893,-0.009,-0.021,1.077
2,111796218,-0.008,-0.02,1.076
2,111798543,-0.007,-0.021,1.078
2,111800868,-0.008,-0.02,1.074
2,111803193,-0.009,-0.018,1.071
2,111805518,-0.008,-0.02,1.071
2,111807843,-0.007,-0.018,1.07
2,111810168,-0.007,-0.021,1.069
2,111812493,-0.007,-0.021,1.066
2,111814817,-0.006,-0.022,1.066
2,111817142,-0.007,-0.022,1.067
2,111819467,-0.005,-0.023,1.066
2,111821792,-0.003,-0.024,1.063
2,111824117,-0.003,-0.025,1.062
2,111826442,-0.002,-0.025,1.06
